codigo_producto;nombre_producto;marca;codigo_bodega;cantidad_inicial;costo_unitario;pvp
6530;KIT EMBRAGUE GOLF VENTO 1.8  1 GUIA POLO 1.6 00-02 GR;VARIOS;171101970;1;0;110
6531;EMPAQUE CABEZOTE GOLF III VENTO 2.0 METAL;VARIOS;NA;0;0;16
6532;FARO POST GOL 2001-06 LD 506;VARIOS;NA;3;0;40
6533;GRASA LIBRA;VARIOS;ROLL-1LB;3;0;7.5
6534;POLEA CIGUEÑAL GOL 2001 026.105.255.4;VARIOS;06-002-37-0687;1;0;28
6535;ESPEJO RECT 4P CONTROL L/D GOL 1480.1;VARIOS;KYUAX;1;0;58
6536;TEMPLADOR BANDA DISTRIBUCION  GOLF IV JETTA 2.0;VARIOS;VKM 11113;2;0;35
6537;TAPA DISTRIBUIDOR AMAZON GOL GOLF VENTO;VARIOS;TAD4111;6;0;12
6538;POLEA SECUNDARIA DISTRIBUCION AMAROK;VARIOS;NA;2;0;37
6539;GUIA VALVULA CORTA GOL AMAZON 36.5 056.103.419;VARIOS;NA;18;0;3
6540;CUBO RUEDA POST GOLF IV JETTA SK OCTAVIA ABS;VARIOS;3124;3;0;48
6541;RETEN CIGUEÑAL ESCARABAJO;VARIOS;171010291;5;0;10
6542;BUJIAS FR78 DELGADA 4 ELECT;VARIOS;NA;0;0;23
6543;BUJIAS NGK 7938 DENGADA 1ELECT JGO;VARIOS;NA;5;0;21
6544;POLEA DENTADA ARBOL GOL GRANDE;VARIOS;WT049109111C;2;0;18
6545;SENSOR VELOCIMETRO GOLF VENTO;VARIOS;73021;1;0;15
6546;CUBO RUEDA POST POLO BR SK FABIA;VARIOS;NA;0;0;37
6547;CUBO RUEDA GOL AMAZON ZBA.407.615;VARIOS;NKF8024G;2;0;20
6548;TERMOSTATO GOLF IV JETTA 2.0;VARIOS;06-002-37-0002;0;0;18
6549;TERMINAL R/INT GOL N-183;VARIOS;1074;8;0;13
6550;CHAQUETAS BANCADA ESCARABAJO INT 1.00 EXT 0.50;VARIOS;NA;1;0;52
6551;PASTILLAS GOL 2001 PD54;VARIOS;5565JJ;3;0;34
6552;ROTULA GOL 2001 LD D-H N-1015;VARIOS;RTL001;10;0;15
6553;TERMINAL R/EXT GOL 00-08  ESCAB L/D N-1027 ;VARIOS;TDC01005M;10;0;14
6554;TOMA AGUA C/TERMOSTATO POLO FOX;VARIOS;1548;0;0;10
6555;DIRECCIONAL DELANTERA GOL L/I 00-05;VARIOS;NA;0;0;9
6556;BOMBA GAS SANTANA 2.0 216910-E;VARIOS;NA;0;0;30
6557;CABLE FRENO MANO ESCARABAJO 1760MM 3650;VARIOS;CAF472;2;0;12
6558;CORNER SOPORTE FARO VIRTUS L/D 22-24;VARIOS;NA;0;0;65
6559;MASCARILLA GOLF III 93-99;VARIOS;NA;0;0;20
6560;CABLE EMBRAGUE POLO CL MANUAL;VARIOS;NA;0;0;28
6561;CABLE ACELERADOR GOLF VENTO 93-99;VARIOS;NA;4;0;30
6562;KIT ESTABILIZADO L/D GOL 1.6 09-10 ;VARIOS;NA;1;0;8
6563;CABLE EMBRAGUE GOLF VENTO 93-99 AUTOREGULABLE;VARIOS;CAE452;0;0;35
6564;LIQUIDO FRENO 12 ONZ;VARIOS;OTR-P33;2;0;7
6565;SOPORTE MOTOR L/D GOL 09-14 COMPLETO;VARIOS;NA;0;0;60
6566;PALANCA PLUMAS GOLF VENTO GOL 95-02;VARIOS;INP411;0;0;35
6567;KIT EMBRAGUE GOL 1.8 01-05 SANTANA ;VARIOS;5643;2;0;110
6568;FARO DELAN POLO BR L/D DEPO;VARIOS;NA;0;0;88
6569;FARO POST GOLF 93-99 L/I;VARIOS;NA;1;0;65
6570;FARO POST GOL 2001-06 L/I;VARIOS;NA;2;0;40
6571;EMPAQUES CAJA ESCARABAJO BRASILIA COMBI;VARIOS;NA;0;0;15
6572;KIT PALANCA FRENO MANO ESCARABAJO;VARIOS;KFR471;2;0;18
6573;FILTRO ACEITE D/V PSL562;VARIOS;05-04-37-0042;12;0;6
6574;EMBLEMA POST GOL 2001;VARIOS;37785687DA;0;0;10
6575;FLOTADOR GAS POLO BR 1.6;VARIOS;NA;0;0;18
6576;PROPULSORES GOL GOLF VENTO;VARIOS;1230.22106.VIK;0;0;10
6577;SILICON GRIS 3.35 OZ;VARIOS;CY-959;7;0;5
6578;BANDA DISTRIBUCION 135 D POLO BR FOX GOL 1.6;VARIOS;171010559;4;0;28
6579;FRONTAL U RADIADOR VIRTUS 22-23;VARIOS;NA;0;0;250
6580;ROTULA GOLF VENTO 93-99 POLO CL;VARIOS;930926;3;0;14
6581;SOPORTE MOTOR L/D GOLF IV JETTA 2.0;VARIOS;NA;1;0;45
6582;BOMBA ACEITE FOX POLO 1.4 GR POLO 1.6 BR;VARIOS;NA;1;0;38
6583;INYECTOR GOL 00-05 MULTIPUNTO 50100802Y;VARIOS;50100802;5;0;35
6584;EMPAQUES MOTOR GOLF III VENTO 2.0;VARIOS;NA;0;0;58
6585;AXIAL POLO CLASSIC 95-99 34x14 MM;VARIOS;NA;5;0;15
6586;BUJE MESA GOLF VENTO PEQUEÑO;VARIOS;357407182;3;0;5
6587;TEMPLADOR BANDA DISTRIBUCION PLASTICO 1.4 16 V USD;VARIOS;NA;1;0;15
6588;GUARDAPOLVO AMORTIGUDOR DENLANTERO GOL 2001;VARIOS;NA;0;0;10
6589;ACOPLE CAJA SEDAN T/A;VARIOS;NA;0;0;25
6590;GUARDAPOLVO BARRA DIRECCION GOLF VENTO;VARIOS;235DE;4;0;7
6591;AXIAL POLO BR GOL 09-15 32X16 MM;VARIOS;6Q0823803B;7;0;15
6592;MICA POST FUME ESCARABAJO;VARIOS;NA;1;0;10
6593;KIT CAUCHO PISTON  MORDAZA GOL 00-05 54 MM ;VARIOS;21041;2;0;12
6594;PISTONES GOL 1.8 0.50 C/RINES 2001;VARIOS;NA;0;0;145
6595;TOMA AGUA GOLF IV JETTA ;VARIOS;1312;5;0;10
6596;GUARDAPOLVO JUNTA GOL KIT;VARIOS;N21310;1;0;10
6597;PLATINOS DESARMABLES ESCARABAJO;VARIOS;NA;1;0;8
6898;LIQUIDO AGUA PLUMAS PEQUEÑO;VARIOS;NA;0;0;2
6599;SOPORTE AMORT GOLF MANHATTAN;VARIOS;6599;5;0;15
6600;PASTILLAS GOLF III 98-99 POLO CL PD367;VARIOS;NA;0;0;20
6601;ROTULA GOLF IV JETTA 2.0 01-08 L/D;VARIOS;731046;12;0;16
6602;ROTULA GOL 2001 L/I  D/H N-1014;VARIOS;TRI452;10;0;15
6603;RETEN GUIA VALVULA 8 MM GOL AMAZON 1.8 ;VARIOS;26109675;16;0;1
6604;ROTULA POLO BR 1.6 L/I 01-05;VARIOS;N-1064;4;0;15
6605;FOCO H1 100-80 W GOLF;VARIOS;NA;0;0;9
6606;RETEN CIGUEÑAL GOL 95-98 SANTANA C/BRIDA;VARIOS;NA;0;0;30
6607;TROMPO ACEITE ESCARABAJO;VARIOS;INC471;6;0;8
6608;KIT BUJES PALANCA GOL 5 MARCHAS S/PASADOR;VARIOS;KPC411;9;0;8
6609;RULIMAN GRANDE RUEDA GOL POST;VARIOS;SDSDD3;2;0;10
6610;SOPORTE MOTOR ESCARABAJO;VARIOS;44;2;0;8
6611;BASE PALANCA ESCARABAJO;VARIOS;NA;1;0;10
6612;RINES GOL 0.50 GRUESO;VARIOS;NA;0;0;38
6613;HORQUILLA EMBRAGUE ESCARABAJO T/A N39677;VARIOS;OEE301;1;0;15
6614;POLEA BOMBA AGUA GOL 95;VARIOS;PBH412;0;0;28
6615;BOBINA ENCENDIDO JETTA 2.0 POLO FABIA LAIZ ALT;VARIOS;SE4671-OST-0241;4;0;45
6616;MANIJA EXT GOLF C/LLAVES;VARIOS;1H0837207C;0;0;15
6617;SOPORTE MOTOR GOL 01-05 ZBA.199.339;VARIOS;823199381B;8;0;15
6618;DEPOSITO AGUA GOLF VENTO;VARIOS;THR412;1;0;21
6619;POLEA BOMBA AGUA GOL 00-05;VARIOS;NA;0;0;35
6620;FILTRO ACEITE ELEMENTO AMAROK TDI;VARIOS;AOE-78/1;4;0;5
6621;RUDON ESCARABAJO;VARIOS;171080069;5;0;8.5
6622;MAQUINA LEVANTAVIDRIOS GOL 98-07 L/I 4175E 4P;VARIOS;43828;0;0;51
6623;KIT TAPON COLECTOR GOLF VENTO;VARIOS;NA;4;0;5
6624;BANDA  POLY V 1740  GOL S/C;VARIOS;6PK174GY;2;0;15
6625;BARRA DIRECCION ESCARABAJO L/I;VARIOS;NA;0;0;10
6626;TAPAGRASERO POST GOLF GOL;VARIOS;NA;0;0;3
6627;GUIA RULIMAN EMBRAGUE POLO BR FOX;VARIOS;NA;5;0;4
6628;BANDA MH-30 PULGADAS;VARIOS;NA;0;0;7
6629;EMPAQUE BOMBA AGUA GOL 00-05;VARIOS;NA;3;0;3
6630;TUERCA PUNTA EJE GOL GOLF;VARIOS;6630;8;0;3
6631;TAPA DEPOSITO AGUA POLO FOX VENTO JETTA;VARIOS;TAR452;4;0;10
6632;GRASA SACHET;VARIOS;NA;3;0;3
6633;KIT BUJES PALANCA GOL  5 MARCHAS C/PASADOR;VARIOS;4432;0;0;9
6634;CASQUILLO CABLE MARCHAS GOL 09-12;VARIOS;NA;0;0;9.5
6635;T 3 SALIDAS ;VARIOS;NA;2;0;3
6636;VALVULAS ADMISION GOLF III 3 037.109.601 U/N;VARIOS;NA;2;0;8
6637;ROTULA GOL 09-13 L/D;VARIOS;RTD415;5;0;15
6638;BUJE BARRA DIRECCION GOL 2001;VARIOS;BUCO1111;4;0;4
6639;EMPAQUE ESCAPE PEQUEÑO;VARIOS;NA;1;0;2
6640;EMPAQUE MULTIPLE ESCAPE GOL AMAZON JGO;VARIOS;46821F1;2;0;8
6641;KIT ESTABILIZADOR GOL INT AMAZON SANTA;VARIOS;03-005-37-0051;10;0;5
6642;EMPAQUE  ADM GOLF 1.8;VARIOS;NA;1;0;6
6643;BOTON PALANCA INT ESPEJO GOL;VARIOS;NA;6;0;2
6644;SOPORTE AMORT GOL 01-05;VARIOS;MB38A;11;0;20
6645;SEGURO ROTULA POLO BR 1.6;VARIOS;N1064;2;0;6
6646;CAUCHO DESFOGUE GOL GOLF AMAZON SANTANA;VARIOS;BTV411;4;0;5
6647;RULIMAN EMBRAGUE GOL 00-08 1.8CC;VARIOS;VKC 2091 H;4;0;24
6648;SOPORTE CAJA REFORSADA ESCARABAJO;VARIOS;171030023;2;0;23
6649;SOPORTE MOTOR ALUMINIO GOL 09-14;VARIOS;NA;0;0;26
6650;RETEN RUEDA POST GOL AMAZON;VARIOS;NA;7;0;4
6651;ACOPLE COLUMNA DIRECCION ESCARABAJO;VARIOS;NA;0;0;9
6652;KIT ESTABILIZADOR GOL EXT AMAZON;VARIOS;03-005-37-0035;3;0;7
6653;BOMBA AGUA GOL TODOS;VARIOS;BOMB;4;0;38
6654;CHAPA GUANTERA ESCARABAJO;VARIOS;NA;0;0;18
6655;TUBO PLASTICO ACEITE GOLF VENTO;VARIOS;53103663;7;0;3
6656;TAPON CAJA GOLF VENTO;VARIOS;NA;2;0;4
6657;BUJIAS GRUESA NGK 2828 1 ELECT JGO ;VARIOS;NA;2;0;15
6658;RETEN MOTRIZ ESCARABAJO;VARIOS;RCD471;0;0;7
6659;PISTON MORDAZA GOL;VARIOS;NA;2;0;13
6660;RULIMAN MOTRIZ GOL AMOZON SANTANA GOLF;VARIOS;NA;4;0;15
6661;MANIJA CABLE  CAPOT GOL;VARIOS;NA;1;0;8
6662;VALVULA FILTRO GAS POLO BR 1.6;VARIOS;NA;1;0;8
6663;RETEN DELAN AMAZON GOL 95 -07;VARIOS;04-1173;20;0;4
6664;SOCKET DIRECCIONAL LATERAL GOLF VENTO;VARIOS;NA;1;0;8
6665;PERNO RULIMAN DISTRIBUCION AMAROK;VARIOS;NA;1;0;12
6666;ARANDELA ESPEJO ESCARABAJO;VARIOS;NA;5;0;2
6667;RETEN CIGUEÑAL GOL GOLF VENTO;VARIOS;NA;1;0;12
6668;PLATILLO AMORTIGUADOR SUPERIOR JETTA 00-01;VARIOS;NA;0;0;10
6669;DIRECCIONAL DELAN ESCARABAJO;VARIOS;171090254;2;0;22
6670;TROMPO ACEITE GOL 00-07;VARIOS;6670;7;0;10
6671;MOLDURA FARO POST GOL L/D;VARIOS;NA;0;0;15
6672;GUARDAFANGO GOLF L/I 95;VARIOS;NA;1;0;48
6674;GUARDAPOLVO GUARDAFANGO L/I   GOLF  95-99;VARIOS;NA;1;0;18
10111;GUARDAPOLVO PUNTA GOL;VARIOS;1860.05111-SER;4;0;10
6675;GUARDAPOLVO PUNTA GOLF VENTO;VARIOS;2588;0;0;8
6676;GUARDAPOLVO JUNTA GOLF VENTO L/D;VARIOS;GDD401;0;0;13
6677;TERMINAL GOLF VENTO L/D POLO CL;VARIOS;NA;2;0;15
10108;PLUMAS 22/16 GOL 2010 ;VARIOS;PLU007;1;9.38;21
6679;SOPORTE MOTOR POLO BR 1.6 LD;VARIOS;NA;0;0;55
6680;SOPORTE MOTOR FOX POLO BR L/I;VARIOS;NA;0;0;48
6681;KIT ZAPATAS POLO IND 17 PUNTA REDONDA;VARIOS;NA;0;0;68
6682;RINES GOL STD INCOMPLETO 95-98;VARIOS;NA;1;0;20
6683;BOTON PUERTA GOL GOLF VENTO;VARIOS;BOT;14;0;2
6684;SENSOR TEMP VERDE GOLF IV JETTA POLO 4 PINES;VARIOS;45;7;0;12
6685;TERMINAL JETTA GOLF IV L/D 2.0;VARIOS;TRD452;11;0;15
6686;TERMINAL JETTA GOLF IV  L/I 2.0;VARIOS;TS169491;0;0;15
6687;SENSOR TEMP 4 PINES GOLF VENTO;VARIOS;37;0;0;12
6688;SEGURO ROTULA GOLF VENTO;VARIOS;NA;32;0;6
6689;TEMPLADOR BANDA DISTRIBUCION GOL AMAZON SANTANA 1.8;VARIOS;57PPOUP;6;0;28
6690;HALOGENO USD JGO;VARIOS;NA;1;0;16
6691;KIT PASADOR TEMPLADOR GOL 00-08;VARIOS;NA;2;0;3
6692;CAPOT GOL 09-2011;VARIOS;NA;2;0;157
6693;KIT SEGURO PARACHOQUE DELAN GOLF VENTO;VARIOS;NA;1;0;13
6694;CAJA DIRECCION GOL 01-05 ;VARIOS;NA;0;0;266
6695;AXIAL GOLF IV JETTA SK 37X14MM;VARIOS;904;6;0;15
6696;INYECTOR FOX POLO BR 1.6 BOSCH;VARIOS;NA;1;0;78
6697;LETRA VENTO;VARIOS;NA;3;0;12
6699;BENDIX POLO 1.6;VARIOS;NA;2;0;30
6700;DEPOSITO LIQUIDO HIDRAULICO GOLF IV JETTA 1J0422371 C;VARIOS;NA;2;0;22
6701;CAJA DIRECCION GOLF IV JETTA;VARIOS;NA;1;0;294
6702;AXIAL POLO CLASSIC 95-99 34x16 MM;VARIOS;67023;6;0;15
6703;MOLDURA  PARABRISAS GOL 2001;VARIOS;MBP412;0;0;48
6704;BANDA DISTRIBUCION 121 D GOL AMAZON ;VARIOS;1294;1;0;14
6705;BUJIAS POLO BR FOX 3 ELECT NGK;VARIOS;BKUR5ETC-10;6;0;26
6706;PARACHOQUE DELAN GOL 00-02;VARIOS;NA;1;0;85
6707;MASCARILLA GOL 95-99;VARIOS;NA;1;0;13
6708;COLECTOR POLO FOX  GOL 1.6 C/P;VARIOS;750250;0;0;55
6709;BANDA ESCARABAJO 36 HM LISA;VARIOS;NA;0;0;7
6710;BANDA POLY V 6PK 1200 GOL 10-12 FOX  POLO BR;VARIOS;RAD404;1;0;28
6711;TEMPLADOR BANDA DISTRIBUCION POLO BR FOX ;VARIOS;NA;1;0;26
6712;MANIJA EXT POST GOL PARATTI 01-05;VARIOS;NA;0;0;11
6713;ROTULA POLO BR 1.6 L/D 01-05;VARIOS;RTD491;2;0;19
6714;COLECTOR AGUA GOLF 1.8;VARIOS;6714;4;0;11
6715;GUARDAPOLVO PUNTA  EJE POLO 1.6;VARIOS;NA;1;0;8
6716;FARO DELAN SANTANA 87 L/I;VARIOS;NA;0;0;44
6717;FARO DELNATERO SANTANA 87 L/D;VARIOS;NA;0;0;44
6718;CABLE FRENO MANO POLO BR FOX ;VARIOS;NA;0;0;18.55
6719;LIQUIDO FRENO  500 ML 16.91 OZ TRANSPARENTE;VARIOS;HLL-8DF-012;6;0;10
6720;LIMPIA  CARBURADOR 9938 GR;VARIOS;S-9938;9;0;5
6721;LUBRICANTE ZLUBE MULTIPROPOSITO;VARIOS;NA;2;0;5
6722;FILTRO AIRE GOL 1.6 09-14 TRIANGULAR;VARIOS;AA-708;7;6.99;8
6723;CUBIERTA TABLERO L/D LARGA GOL NEGRA;VARIOS;NA;0;0;11
6724;FILTRO GAS GOL 95-99 614 MF-80622;VARIOS;301;1;0;12
6725;FILTRO GAS GOL 01-05 FOX 613 MF-5738;VARIOS;37-133-511A;7;0;7
6726;FILTRO GAS GOLF IV JETTA MF-5870;VARIOS;B141117110;6;0;9
6727;FILTRO AIRE POLO CLASSIC MK-5377;VARIOS;1110.0318-LUX;4;0;14
6728;CHAQUETAS BIELA POLO BR FOX 1.6 0.25;VARIOS;NA;0;0;33
6729;DESLIZANTE ASIENTO CUADRADO;VARIOS;DESLIZA;5;0;3
6730;PUNTA EJE POST GOL GOLF AMAZON SANTANA 94-07;VARIOS;PEP451;1;0;18
6731;DEPOSITO AGUA GOL AMAZON SANTANA 171.121.407E;VARIOS;NA;0;0;19
6732;DEPOSITO AGUA GOL 01-05 S/S;VARIOS;THR413;0;0;20
6733;KIT EMBRAGUE ESCARABAJO 1.6 S/ESPEJO;VARIOS;NA;0;0;140
6735;ESCAPE ESCARABAJO C/TOMAS ALEMAN;VARIOS;171020021;0;0;196
6736;BOMBA AGUA AMAROK TIGUAN TDI;VARIOS;31-54132;3;0;32
6737;KIT CABLES ESCARABAJO PLATINOS;VARIOS;CBU471;3;0;15
6738;MANOMETRO GASOLINA ESCARABAJO 68-76 113.957.063B;VARIOS;171090378;0;0;40
6739;GUIA VALVULA VENTO 037.103.419;VARIOS;NA;0;0;4
6740;EMPAQUE TAPA VALVULA AMAROK;VARIOS;NA;1;0;31
6741;MANIJA INT DELANT POLO BR L/D;VARIOS;171090142;0;0;29
6742;FILTRO GAS GOL 09-13 1.6;VARIOS;1110.05136-VIKA;4;0;6
6743;VALVULAS ADMISION POLO 1.6 FOX BAH JGO;VARIOS;06-02-37-0053;0;0;28
10235;SWITCH PARQUEO POLO BR 8 PINES;VARIOS;CI.T412;1;15.18;32
6744;FILTRO AIRE GOL  2001 MK-5513;VARIOS;377129620;4;4.28;8
6745;CABLE ACELERADOR GOL 01-05 - 3029;VARIOS;CAA412;3;0;10
6746;TOMA AGUA 1 SALIDA PLASTICA GOLF VENTO GOL;VARIOS;04GTR;0;0;8
6747;ACEITE 1/4 20W50;VARIOS;NA;0;0;8
6748;PUNTA EJE GOLF III VENTO;VARIOS;NA;1;0;37
6749;PUNTA EJE POLO BR 1.6 FOX ;VARIOS;PTA006;4;0;48
6750;FILTRO AIRE GOLF IV 2.0 JETTA;VARIOS;NA;3;5.99;10
6751;RULIMAN EMBRAGUE GOLF III VENTO;VARIOS;171010321;1;0;10
6752;CILINDRO POST GOLF GOL AMAZON SANTANA 04-0060;VARIOS;04-0060;8;0;14
6753;TUBO PLASTICO COLECTOR FOX POLO BR GOL;VARIOS;3929;1;0;10
6754;BOMBA GAS PILA  GOLF III VENTO 2.0 93-99 1.8;VARIOS;PIL002;2;0;35
6755;BOMBA GAS PILA  GOL PARATTI SAVEIRO 3 BAR  00-05;VARIOS;622038;2;0;26
6756;BOMBA FRENO GOL 99-08 1.6 1.8;VARIOS;C-2173;0;0;45
6757;BOMBA FRENO GOLF VENTO 1.8 2.0 93-99;VARIOS;NA;0;0;47
6758;PALANCA  EMBRAGUE GOL1.8 00-05;VARIOS;8007099400;1;0;16
6759;SOPORTE AMORT JETTA  2.5 10-17 TIGUAN 2.0 09-16;VARIOS;78838;2;0;36
6760;CUBO RUEDA GOLF VENTO 93-99;VARIOS;3121;1;0;28
6761;DISCO FRENO VENT GOL 2009-2013 4H;VARIOS;DF0517BR;2;0;37
6762;VALVULAS ESCAPE JGO JETTA GOLF IV 2.5;VARIOS;NA;1;0;101
6763;VALVULAS ADMISION JGO JETTA GOLF IV 2.5;VARIOS;NA;1;0;101
6764;PASTILLAS ESCARABAJO PD5;VARIOS;171060067;1;0;25
6765;BANDA MH-38 PULG GOL AMAZON SANTANA;VARIOS;NA;4;0;8
6766;FILTRO GAS GOLF VENTO 1.8 2.0 93-99;VARIOS;NA;1;0;9
6767;PROTECTOR BANDA SEMILUNA SUPERIOR GOL 01-06;VARIOS;NA;3;0;8
6768;PROTECTOR BANDA INFERIOR GOL 95-99;VARIOS;NA;2;0;21
6769;PROTECTOR BANDA SUPERIOR GOL 01-05;VARIOS;NA;0;0;17
6770;FILTRO GAS BEETLE BORRA;VARIOS;NA;0;0;0
6771;TOMA  AGUA VENTO GLS 2.0 037.121.144;VARIOS;NA;0;0;13
6772;KIT BUJES PALANCA GOLF VENTO 1.8 2.0 93 99;VARIOS;NA;1;0;28
6773;HORQUILLA EMBRAGUE GOLF VENTO 1.8 2.0 93 99;VARIOS;NA;4;0;17
6774;BANDA POLY V 6PK 2270 GOL C/AC ;VARIOS;NA;3;0;19
6775;BOBINA GOL 2001-2006;VARIOS;B10016MM;4;35;34
6776;AMORTIGUADOR DELAN GOL AMAZON SANTANA 01-05;VARIOS;209944;6;0;48
6777;AMORTIGUADOR DELAN GOLF VENTO;VARIOS;NA;5;0;49
6678;TERMOSWITCH GOL 3 CONTACTOS C/AC;VARIOS;INA401;8;0;13
6779;TERMOSWITCH GOL 2 CONTACTOS S/AC;VARIOS;TPR003;7;0;13
6780;BOBINA GOLF VENTO MAGNETI MARELI;VARIOS;BI015MM;0;0;55
6781;TROMPO RETRO GOL 01-05;VARIOS;D22245;3;0;12
6782;FUSIBLE 25 GRANDE;VARIOS;NA;34;0;0.5
6783;KIT CAUCHOS RADIADOR ESCARABAJO VERDE;VARIOS;171010200;4;0;7
6784;PLATILLO AMORTIGUADOR SUPERIOR GOL 01-05 ALTO;VARIOS;NA;0;0;9
6785;SOPORTE AMORT GOL GOLF 95-99;VARIOS;CSA401;12;0;18
6786;BUJE MESA GOL 95-08 AMAZON SANTANA;VARIOS;BUM401;9;0;5
6787;KIT CABLES GOL 1.8 01-05 ALT;VARIOS;1509;7;0;28
6788;DISCO FRENO SOLIDO GOL GOLF 95-99;VARIOS;HF01;6;0;29
6789;ESPIRAL POST GOL 00-05;VARIOS;NA;0;0;48
6790;SOPORTE CAJA GOL AMAZON;VARIOS;NA;3;0;16
6791;FILTRO AIRE GOLF VENTO 94-99;VARIOS;NA;1;5.4;8
6792;PALANCA DIRECCIONAL VENTO GOLF;VARIOS;822033;0;0;65
6793;EMPAQUE TAPA VALVULAS CAUCHO GOL GOLF AMAZON;VARIOS;EVA411;2;0;12
6794;CAUCHO ESTABILIZADOR INT GOL;VARIOS;NA;1;0;4
6795;EMPAQUE CABEZOTE GOL AMAZON SANTANA 1.6 1.8;VARIOS;1168;4;0;15
6796;REJILLA PARACHOQUE CENTRAL GOL 03-05;VARIOS;NA;1;0;11
6797;VALVULA RELANTY IAC GOLF  94- 99 THOMSON;VARIOS;SSR011;0;0;81
6798;TERMOSWITCH POLO BR GOLF IV JETTA;VARIOS;SE4711-VIK-1103;5;0;22
6799;PASTILLAS VENTO 2.0 D/V PD329;VARIOS;SP1043;5;0;24
6800;PASTILLAS GOLF III VENTO 1.8 D/S  PD328 ;VARIOS;P7242M72;2;0;26
6801;PASTILLAS GOLF IV POLO BR GOL 1.6 SK FABIA VIRTUS 19 PD58 ;VARIOS;LF-D768;2;0;42
6802;PATA TELESCOPICA MAGUERTA USD;VARIOS;NA;0;0;155
6803;EMPAQUE CABEZOTE POLO BR FOX METAL;VARIOS;NA;2;0;29
6804;TAPA  ACEITE GOL AMAZON SANTA GOLF;VARIOS;TAM421;6;0;6
6805;CAUCHO SOPORTE DELAN GOL;VARIOS;NA;7;0;11
6806;SENSOR IAC  RELANTY GOL 00-08 1.8  4004399102Y;VARIOS;1337;0;0;56
6807;PASTILLAS SANTANA GOL LARGA PD28;VARIOS;P7242M721;2;0;25
6808;ROTOR GOLF GOL EVL134;VARIOS;RON412;11;0;8
6809;TROMPO STOP GOL GOLF MECANICO;VARIOS;SE5491-OST-0759;7;0;8
6810;RADIADOR GOL 01-05 C/A;VARIOS;02-003-37-0025;1;0;75
6811;DISCO FRENO GOL 01-05 VENTILADO;VARIOS;HF02A;2;0;25
6812;AXIAL 33.5X16 JETTA 2.0 16-18;VARIOS;NA;0;0;19
6813;RULIMAN DELAN GOL 01-05 - 3X0407625 ALT;VARIOS;VKBC 20063LT;6;0;15
6814;BORNE PARA BATERIA (GRANDE );VARIOS;NA;0;0;4
6815;BORNE PARA BATERIA (PEQUEÑO );VARIOS;NA;2;0;3
6816;EXCENTRICA MANIJA PUERTA GOL;VARIOS;NA;5;0;4
6817;EMBLEMA DELANT GOL 95-99;VARIOS;NA;1;0;6
6818;EMBLEMA DELANT GOL 01-05 JETTA 07 ;VARIOS;NA;0;0;13
6819;KIT PLATILLO EMBRAGUE GOLF VENTO;VARIOS;NA;0;0;12
6820;CIMBRA EMBRAGUE GOLF VENTO;VARIOS;NA;0;0;4
6821;DIAFRAGMA ESCARABAJO 30-31 PIC;VARIOS;171010577;1;0;4
6822;REJILLA PARACHOQUE GOL 00-02 S/H L/D;VARIOS;326546;2;0;11
6823;JUNTA HOMOCINETICA GOL 01-05;VARIOS;JUN403;1;0;30
6824;VALVULAS ESCAPE GOL 95 GOLF P/G 026.109.611A JGO;VARIOS;NA;2;0;33
6825;KIT TOPE AMORT POST GOLF VENTO;VARIOS;NA;0;0;17
6826;PUNTA EJE GOL 01-05 AMAZON ;VARIOS;JUN401;5;0;28
6827;AMORTIGUADOR COMPUERTA POST GOL 2001;VARIOS;1335;2;0;25
6828;MESA GOL 95-05 AMAZON;VARIOS;MSD411;8;0;28
6829;MESA GOLF VENTO 93-99;VARIOS;YTRASÑ;0;0;38
6830;AMORTIGUADOR POST GOL 95-05;VARIOS;205205;7;0;38
6831;TAPA DEPOSITO AGUA GOL AMAZON 95-99;VARIOS;377121321A;0;0;7.5
6832;EMPAQUE ESCAPE TRIANGULAR GRANDE ET24 GOL 01-05;VARIOS;84739;2;0;5
6833;TERMOSTATO GOL 95-99 AMAZON 80G;VARIOS;425680;3;0;13
6834;EMPAQUE ESCAPE TRIANGULAR MEDIANO ET25 GOL;VARIOS;NA;7;0;5
6835;FILTRO AIRE GOL 95-97 REDONDO;VARIOS;NA;0;4.8;8
6836;CONO CORONA GOL 37-9 OM;VARIOS;NA;0;0;567
6837;CONMUTADOR 6 PINES GOLF;VARIOS;STR452;0;0;22
6838;CUBIERTA TABLERO L/I GRIS GOL 01/05;VARIOS;NA;0;0;11
6839;EMPAQUE ESCAPE RECTANGULAR AMAZON SANTANA;VARIOS;46808F;5;0;4
6840;KIT EMBRAGUE GOL 1.6 190 MM 95-99;VARIOS;4585;1;51;135
6841;KIT EMBRAGUE FOX POLO 1.6 GOL 09-12 DRB;VARIOS;5650;2;57;120
6842;KIT CABLES BUJIAS GOLF VENTO 2.0;VARIOS;1503;0;18;45
6843;BUJIAS 1 E BP5HS ESCARABAJO JGO;VARIOS;171090121;10;17.5;14
6845;AMORTIGUADOR DIRECCION AMAZON GOL 96-05;VARIOS;NA;0;18.9;37
6844;BUJE MESA GOLF VENTO GRANDE;VARIOS;72031;5;4.5;7
6846;GUARDAPOLVO PUNTA EJE GOL KIT;VARIOS;GUJ401;0;4.59;12
6847;BASE PALANCA GOL 95-05;VARIOS;RTP411;5;6.63;12
6851;CHAQUETAS BANCADA 0.25 GOL 1.8 1.6 ;VARIOS;NA;0;21;33
6850;CHAQUETAS BIELA GOL 1.8 - 1.6 0.50;VARIOS;NA;0;11.9;33
6849;CHAQUETAS BIELA GOL 1.8 - 1.6 STD;VARIOS;NA;0;11;33
6848;BUJE PUENTE DELAN 12 MM GOL 01-07;VARIOS;NA;0;4.5;11
6852;ORIN COLECTORES;VARIOS;ORIN;3;1;2
6853;CHAQUETAS BANCADA GOL GOLF STD M70290-STD;VARIOS;NA;3;21;33
6856;FILTRO AIRE CABINA GOL 09-13 POLO FOX VIRTUS;VARIOS;FLR424;5;6.99;11
6855;FILTRO AIRE AMAROK TDI;VARIOS;2H0129620A;7;12.55;12
6854;FILTRO AIRE POLO BRASIL GOLF IV 1.6 ARL-6095;VARIOS;032129620B;6;5;12
6857;FOCO H4 60/55W;VARIOS;NA;1;6;7
6858;CONDENSO CUADRADO BOSCH;VARIOS;171090036;0;4;11
6859;PLATINO UNIV BOSCH 1044;VARIOS;171090153;0;4;11
6860;EMPAQUE MULTIPLE ESCAPE POLO GR 01-05  1.6;VARIOS;NA;1;8;11
6862;REFRIGERANTE ROJO 1/2;VARIOS;NA;1;1;3
6861;REFRIGERANTE VERDE 1/2;VARIOS;NA;2;1;3
6863;RULIMAN DELAN GOLF IV JETTA 2.0;VARIOS;EQF110457;8;19;40
6864;RULIMAN PEQUEÑO GOL POST;VARIOS;NA;0;4;9
6865;KIT TOPE DELAN POLO BR 1.6;VARIOS;NA;3;650;11
6868;FUSIBLE ESCARABAJO 12 VW113.957.099A;VARIOS;NA;0;6;38
6867;PASTILLAS GOL 1.6 09/12 POLO 1.4 MD1641;VARIOS;NA;2;9.5;23
6866;EMPAQUES MOTOR ESCARABAJO GR;VARIOS;171010142;0;13.41;24
6874;BANDA MH-27 GOLF;VARIOS;NA;5;1.52;6
6875;BANDA MH-30 GOLF LISA;VARIOS;NA;6;1.52;7
6876;BANDA POLY V 6PK 1130;VARIOS;171090179;0;8;16
6873;BANDA MH-18;VARIOS;NA;1;1.5;6
6872;BANDA MH-39 PG;VARIOS;NA;0;2;8
6869;BANDA 6PK 1145 GOLF A/C;VARIOS;NA;1;6.5;13
6870;BANDA 6PK 1700 FOX POLO 1.6 A/C;VARIOS;NA;3;9.5;13
6871;KIT CABLES KOMBI ESCARABAJO ELECTRONICO ;VARIOS;171090018;0;6;42
6888;RETEN EJE TRANSMISION GOLF III VENTO;VARIOS;NA;2;0;7
6885;FOCO 1 CONTACTO GRANDE;VARIOS;6885;51;25;2
6887;FOCO 1 CONTACTO PEQUEÑO;VARIOS;6887;21;25;2
6886;FOCO 2 CONTACTOS GRANDE;VARIOS;5230;22;25;2
6884;FOCO UÑA PEQUEÑO;VARIOS;4291;30;25;1
6883;FOCO LUZ SALON MEDIANO;VARIOS;NA;17;50;2
6882;FOCO LUZ SALON GRANDE;VARIOS;F LUZ S;7;50;2
6878;SENSOR TPS MONOPUNTO GOLF VENTO 2.0 95-99 PLACA ;VARIOS;SPS451;0;17.4;44
6879;SENSOR TPS GOLF VENTO 2.0;VARIOS;NA;1;16;29
6880;SENSOR IAC RELANTY GOL 95-96;VARIOS;40380202;7;16.5;31
6881;FOCO H4 100/90 3 PATAS;VARIOS;H4;9;4;7
6877;BOMBA GAS JETTA GOLF IV POLO CL BR PILA;VARIOS;44409;1;28;42
6889;FILTRO GAS ESCARABAJO UNIVERSAL MF-1408;VARIOS;AFP-012;3;85;3
6894;PASADOR TUERCA SEGURO GOL GOLF;VARIOS;SEGUR;11;0;3
6893;MANGUERA DESFOGUE POLO FOX GOL ;VARIOS;06-002-37-0750;2;0;28
6892;PERNO JUNTA HOMOCINETICA;VARIOS;NA;17;0;1
6891;SEGURO TUERCA EJE POST GOL GOLF;VARIOS;NA;36;0;2
6890;TUERCA PUNTA EJE  POST GOL GOLF;VARIOS;NA;5;0;3
6899;TROMPO ACEITE GOLF VENTO CAFE/AZUL;VARIOS;56919081;1;0;8
6698;SENSOR ARBOL LEVAS CMP AMAROK TDI OR;VARIOS;103139;0;10;220
6897;COLECTOR AGUA GOL P/SENSOR ALUMINIO;VARIOS;NA;0;7.45;13
6896;BOMBA ACEITE GOL AMZON;VARIOS;NA;1;37.5;40
6895;BOMBA ACEITE GOLF VENTO 1.8 2.0;VARIOS;NA;1;39;47
6900;PREFILTRO GOL 00-05;VARIOS;NA;1;6;4
6901;TROMPO RETRO GOLF IV JETTA POLO GR;VARIOS;NA;1;7.5;11
6902;SENSOR TEMP PANEL GOL 01-05 2/P NEGRO;VARIOS;3088;5;8;13
6903;TAPA DEPOSITO AGUA GOL 2001 JAHU;VARIOS;TAD411;0;4;8
6907;MANIJA EXT GOL 01-05 4/P C/LLAVE;VARIOS;70751-3;3;12;17
6906;TAPA DISTRIBUIDOR BAJA ESCARABAJO;VARIOS;20413;5;2;11
6905;KIT ESTABILIZADOR GOLF VENTO 94 EXT;VARIOS;NA;0;2;7
6904;KIT ESTABILIZADOR GOLF VENTO 95 INT;VARIOS;NA;0;2;7
6921;MASCARILLA GOL 01-02;VARIOS;NA;0;6.5;15
6920;MANIJA INT CROMO GOL L/I 01-05;VARIOS;MNI411;11;2.5;6.5
6917;TUERCA SOPORTE AMORTIGUADOR;VARIOS;ED0041-VIK-2294;0;1;4
6918;CHAPA CAPOT GOL 95-2005;VARIOS;NA;1;9.5;16
6919;MANIJA INT CROMO GOL L/D 01-05;VARIOS;MND411;3;2.5;6.5
6914;TUBO ACEITE ESCARABAJO 1.6CC 21 CENT;VARIOS;TTU471;14;5;6
6915;MANIJA PALANCA GOL 01-05 SPORT;VARIOS;377711141A;8;4.5;11
6916;MOTOR  AGUA PLUMAS GOL 01-05 2 SALIDAS;VARIOS;NA;3;13;13
6913;TAPA DISTRIBUIDOR C/GUIAS;VARIOS;20027;1;5;10
6912;MANGUERA CALEFACCION CURVA GOL 01-05;VARIOS;NA;0;4.5;12
6911;MANGUERA SUPERIOR GOL 2001;VARIOS;MSR411;5;4.5;11
6909;BUJE MESA POLO FOX 1.6 GRANDE;VARIOS;BMS491;9;4.5;13
6910;MANGUERA FRENO GOL SANT DELANTERA J-1403;VARIOS;4530186;2;5;13
6908;BUJE MESA PEQUEÑO POLO FOX;VARIOS;BDS491;5;3.5;7
6922;MASCARILLA GOL 2003-2006;VARIOS;MAS413;0;8.5;16
6924;TERMINAL POLO FOX L/I GOL 09-12 14MM;VARIOS;2890;13;9.1;15
6923;SENSOR CKP POLO HATCH 1.4 16 V GR 00-05 030957 147AB;VARIOS;NA;0;18.87;155
6926;MESA POLO BR 1.6 FABIA VW 1158;VARIOS;MESAPE;3;28;33
6925;AMORTIGUADOR POST GOLF VENTO 4115;VARIOS;100203;2;20;48
6927;BUJE PUENTE POST GOL;VARIOS;3055015412;10;0;10
6931;ROTULA AMAZON 87 LI;VARIOS;NA;1;8.64;19
6932;ROTULA AMAZON 87 LD;VARIOS;9300975;3;8.64;19
6928;BARRA DIRECCION GOL 01-05 D/H L/D;VARIOS;6343;6;20.4;38
6929;BARRA DIRECCION GOL 01-05 D/H - LI;VARIOS;KLL;5;2.4;38
6930;AXIAL GOLF III VENTO 39.5X14 MM;VARIOS;NA;6;9.72;23
6934;PEDAL ACELERADOR PLASTICO ESCARABAJO;VARIOS;NA;0;0;6
6935;KIT EMPAQUES COLADOR ESCARABAJO;VARIOS;171090131;2;0;5
6933;BOMBA AGUA POLO BR 1.6 FOX  GOL 09-12;VARIOS;BMH491;3;20.79;40
6936;HORQUILLA 1RA 2DA GOL 01-05 ALT;VARIOS;NA;1;16;38
6937;MANIJA LEVANTA VIDRIO GOL 2001 GRIS;VARIOS;MAV411;3;0;6
6938;KIT REPARACION CAJA TRW GOL;VARIOS;03-002-37-0105;0;20;50
6945;KIT CARBURADOR ESCARABAJO 30 PICT;VARIOS;RCB471;2;0;16
6944;SENSOR TPS MULTIPUNTO GOLF VENTO 1.8 95-99;VARIOS;NA;0;0;26
6943;TROMPO RETRO ESCARABAJO ;VARIOS;15222;4;0;9
6942;TEMPLADOR BANDA ALTERNADOR GOLF VENTO;VARIOS;NA;0;1;9
6941;GUIA VALVULA 8MM ESCARABAJO;VARIOS;171010187;7;10;10
6940;TROMPO STOP 2 CONT ESCARABAJO 14111;VARIOS;171090229;0;1;13
6939;PRUEBA JULIO;VARIOS;NA;36;5;11
6946;REJILLA TABLERO CALEFACCION GRIS GOL 01-05;VARIOS;NA;0;1;13
6947;ESTRIBOS ESCARABAJO JGO;VARIOS;ESD471;0;10;60
6950;MANGUERA INFERIOR GOL 1.8 01-05;VARIOS;MIR411;2;10.88;13
6949;MANGUERA BOMBA-TUBO CALEFACCION GOL 01-05;VARIOS;3813;5;5.36;10
6948;MANGUERA CALEFACCION D/MEDIDA GOL 01-05;VARIOS;MBA406;4;10;12
6951;MANGUERA SUP GOLF VENTO GLS 2.0 PULPO;VARIOS;NA;3;50;47
6953;AMORTIGUADOR DIRECCION ESCARABAJO;VARIOS;NA;0;8.95;49
6952;BUJE MESA GOLF IV JETTA GOL 09-12;VARIOS;B1;6;4.86;5
6954;BUJIAS BERU 4 ELECT GOL GOLF VENTO;VARIOS;NA;0;18.5;23
6955;AMORTIGUADOR DELAN POLO 1.6 BR FOX GOL 09-12;VARIOS;5463;3;24.5;55
6956;AMORTIGUADOR DELAN GOLF IV JETTA POLO CL 01-02;VARIOS;205032;0;28.14;45
6957;INYECTOR GOLF VENTO 1.8;VARIOS;NA;2;21.03;45
6958;AMORTIGUADOR POST GOLF IV JETTA;VARIOS;NA;2;25.47;48
6959;CUBO RUEDA POST POLO BR 1.6 FOX 6Q0598611;VARIOS;5473;3;9.75;38
6960;ROTULA L/I D/H P/D GOL 95-99;VARIOS;171040109;0;11.33;21
6961;ROTULA L/D D/H P/D GOL 95-99;VARIOS;NA;3;11.33;21
9662;PIÑON CIGUEÑAL GOL 2001-07;VARIOS;507;1;5.38;16
6963;TERMOSTATO GOL 00-05 87G ;VARIOS;425687;11;6.23;13
6964;FILTRO ACEITE POLO 1.6 FOX GOLF IV;VARIOS;111.0.02113-VIK;9;2.5;7
6965;LIQUIDO HIDRAULICO 1/4 AMALIE;VARIOS;NA;0;4.6;8
6966;AGUA DESTILADA 1/4;VARIOS;NA;1;0.55;1.5
6967;EMPAQUE CABEZOTE GOLF IV JETTA 2.0;VARIOS;NA;1;0;40
6968;POLEA ALTERNADOR ESCARABAJO (ASPASA);VARIOS;171090362;2;15;29.5
6969;BOTA SEMIEJE ESCARABAJO GR;VARIOS;GDD451;0;4;12
6970;ADAPTADOR CARBURADOR ESCARABAJO;VARIOS;171010494;1;8;28
6971;TOPE AMORTIGUADOR GOL;VARIOS;NA;1;2;6
6972;CHAQUETAS BANCADA 0.50 S/S GOL;VARIOS;NA;1;21;35
6973;CAPOT GOL 01-06;VARIOS;NA;1;2;178
6974;VALVULAS ESCAPE GOL 01-08 ALT;VARIOS;NA;1;15;33
6975;VALVULAS ADMISION GOL 01-08 JGO;VARIOS;NA;0;15;29
6976;DEPOSITO LIQUIDO FRENO GOL 00-05;VARIOS;NA;0;8;16
6977;ALMA MASCARILLA GOLF III VENTO;VARIOS;NA;1;0;11
6978;LIBRE;VARIOS;NA;0;0;16
6979;TAPON COLADOR ESCARABAJO;VARIOS;NA;3;0;4
6980;TERMINAL GOLF VENTO L/I POLO CL;VARIOS;TERN4;7;0;16
6981;FOCO H1 100W GOLF IV;VARIOS;H1;12;0;7
6982;DEPOSITO AGUA GOL VOYAGE 1.6 09-13;VARIOS;NA;1;0;21
6983;BANDA POLY V 6PK 1500 GOL A/C 95-96;VARIOS;NA;1;0;13
6984;BOMBA D/H AUDI A4 ;VARIOS;NA;1;0;175
6985;BANDA 38 GOL;VARIOS;NA;3;2.35;8
6986;BANDA 30  GOLF DENTADA;VARIOS;NA;7;2.52;7
6987;BANDA POLY V 1560 AMAROK;VARIOS;NA;1;8.5;18
6988;BANDA DISTRIBUCION 124 D GOLF VENTO;VARIOS;NA;2;7.5;11
6989;BANDA DISTRIBUCION 138 D GOLF IV 2.0;VARIOS;NA;4;8.75;33
6990;BANDA DISTRIBUCION 150 D PASSAT JETTA SK OCTAVIA;VARIOS;NA;2;12.54;16
6991;BANDA DISTRIBUCION 160 D AMAROK TDI;VARIOS;1120.02125;2;28.27;25
6992;BANDA POLY V 16PK 1080 GOLF 1.6 GOL 6  S/AC TRANSPORTER ;VARIOS;NA;10;5.69;13
6993;BANDA POLY V 6PK 2240  GOL 2003;VARIOS;NA;7;11.9;19
6994;BANDA 36 P ESCARABAJO DENTADA;VARIOS;11A0915C;2;2.25;7.5
6995;BRAZO PLUMAS POST GOL 00-05;VARIOS;NA;0;26.56;35
6996;TOMA AGUA S/TERMOSTATO POLO BR FOX;VARIOS;NA;3;10;6
6997;DEFLECTOR PLASTICO TAPA VALVULAS  GOL AMAZON SATANA;VARIOS;587A6;1;10;11
6998;COMPUTADORA GOL  00-99 1.6 MULTIPUNTO  USD;VARIOS;NA;0;20;258
6999;CABLE FRENO MANO GOLF IV 01- 3427;VARIOS;NA;2;8.04;19
7000;CABLE CAPOT GOL 2010-15;VARIOS;NA;2;5.36;16
7001;AMORTIGUADOR COMPUERTA FOX POLO 1.6;VARIOS;NA;2;11.61;19
7002;AMORTIGUADOR CAPOT JETTA GOLF IV;VARIOS;NA;2;16.07;26
7003;BIGOTE FRONTAL GOL 95 - 99 OM;VARIOS;NA;1;9.82;37
7004;MOTOR AGUA  PULMAS POLO 1.6;VARIOS;NA;1;8.48;14
7005;BOMBA EMBRAGUE CAJA POLO FOX GOL 09 ;VARIOS;NA;1;24.11;38
7006;BOMBA EMBRAGUE PEDAL POLO INID 1.6 2023;VARIOS;1880.04131-CIL;1;29.91;28
7007;TOMA AGUA CALEFACCION C/PIN GOLF IV POLO;VARIOS;171085303;0;7.14;11
7008;TOMA AGUA SUPERIOR 90G POLO GOLF S/P;VARIOS;NA;4;5.36;9
7009;TOMA AGUA SUPERIOR 45G POLO GOLF S/P;VARIOS;NA;5;5.36;9
7010;CABLE MANIJA PUERTA GOL L/D DELAN;VARIOS;NA;2;2.68;11
7011;CABLE MANIJA PUERTA GOL L/I DELAN 21627;VARIOS;CPI412;1;2.68;8
7012;CABLE ACELERADOR GOL 95-97  435;VARIOS;435;3;5.36;11
7013;CABLE CAPOT GOL 95 - 07;VARIOS;NA;1;4.46;10
7014;CABLE EMBRAGUE AMAZON 87 - 484;VARIOS;484;4;8.93;16
7015;CABLE EMBRAGUE GOL 01-05 - 3030;VARIOS;CAE412;4;9.38;16
7016;CABLE EMBRAGUE GOL 95-99 - 518;VARIOS;CAE411;6;9.38;15
7017;CABLE FRENO MANO GOL VENTO 95-99-3428;VARIOS;NA;5;7.59;13
7018;CONMUTADOR 4 PINES GOL 00-05;VARIOS;LCG1140;6;5.36;11
7019;LETRA GOL 01-05;VARIOS;760564;12;5;9
7020;FARO POST GOL 95-99 L/D;VARIOS;NA;1;11.16;26
7021;FARO POST GOL 95-99 L/I -3333;VARIOS;NA;0;11.16;26
7022;FARO POST GOL 2007 L/D POWER;VARIOS;NA;0;22.32;37
7023;FARO POST GOL 2007 L/I POWER;VARIOS;NA;2;22.32;37
7025;FARO POST GOL 10 -11 L/I;VARIOS;NA;0;28.57;40
7026;JUNTA HOMOCINETICA L/CAJA GOLF VENTO;VARIOS;JUN451;0;13.39;32
7027;TAMBOR DEL 4H ESCARABAJO ;VARIOS;NA;0;13.39;68
7028;MAQUINA LEVANTAVIDRIOS GOL 2001  L/D 2P;VARIOS;NA;0;13.39;29
7029;MAQUINA LEVANTAVIDRIOS GOL 2001 L/I 2P;VARIOS;NA;0;14.29;29
7030;KIT CABLES POLO BR 1.6 GOLF IV GOL 09-12 MAGNRTI ;VARIOS;3252;2;25;28
7031;DEPOSITO AGUA PLUMAS POLO BR 1.6 ;VARIOS;NA;0;19.64;29
7032;DEPOSITO AGUA GOL 2010-13;VARIOS;THR414;3;10.71;21
7033;DEPOSITO AGUA POLO INDU 18-19;VARIOS;NA;0;13.39;19
7034;RETEN DELANPOLO FOX 1.6;VARIOS;NA;12;5.8;7
7035;RETEN CIGUEÑAL C/BRIDA GOL 01-07;VARIOS;MO3941-VIK-0173;3;33.06;36
7036;RETEN CIGUEÑAL POLO 1.6 GOLF 1.6 C/BRIDA;VARIOS;RPC492;0;33.04;55
7037;RETEN PALANCA SELECTORA GOL;VARIOS;NA;0;2.23;4
7838;RULIMAN DELAN AMAROK;VARIOS;VKBA 6746XN;4;20.5;81
7039;RULIMAN DELAN GOLF VENTO;VARIOS;1JO498625;4;8.04;32
7040;RETEN TRANSMICION GOL;VARIOS;NA;4;1.79;5
7041;FILTRO GAS C/VALVULA POLO BR  INDU JETTA 4 BAR;VARIOS;FDG013;4;10;25
7042;RETEN GUIA VALVULA 7 MM GOLF VENTO 2.0;VARIOS;SEV411;16;1;1.3
7043;ELECTROVENTIDADOR POLO BR PINCIPAL;VARIOS;DWV12003;1;50;78
7044;BARRA DIRECCION GOL LD D/M P/ABAJO FIJA;VARIOS;NA;0;26.85;37
7045;BARRA DIRECCION L/I GOL 95 D/MECANICA;VARIOS;NA;1;26.85;50
7046;KIT RULIMANES RUEDA GOL GOLF VENTO;VARIOS;KRR411;8;10.5;17
7047;KIT MEDIAS LUNAS CIGUEÑAL GOL GOLF ;VARIOS;5738;0;8;27
7048;RULIMAN SOPORTE AMORT GOLF IV JETTA GOLF MANHATAN;VARIOS;NA;3;1;6
7049;TABLERO GOL G5 YOYAGE 11-13 4P 1,6 CC;VARIOS;NA;1;0;155
7050;CHAQUETAS BIELA GOL GOLF 0.75 B70494 0.75;VARIOS;NA;2;0;21
7051;SENSOR (TPS) GOL 01-04;VARIOS;40415902;1;18.75;20
7052;SENSOR (TPS) GOL 95-99;VARIOS;NA;1;12.5;21
7053;SENSOR HALL GOL 01-06;VARIOS;SHL411;6;21.43;35
7054;SENSOR HALL C/PLACA GOL 95;VARIOS;43292;4;21.43;42
7055;KIT CABLES GOLF 1.8 95-99 STV-21 NKG;VARIOS;STV21;4;20.09;45
7056;TUBO AGUA GOLF IV 2.0 JETTA -2233;VARIOS;VVCV;1;16.96;20
7057;TUBO DE AGUA VENTO GOLF 1.8 95 -99 2231;VARIOS;TAS58;2;1696;19
7058;TUBO AGUA GOL 95-97 S/AC;VARIOS;17101246;0;5.36;25
7059;DISCO EMBRAGUE 210 MM GOL SANTANA 1.8;VARIOS;NA;0;30;47
7060;DISCO FRENO POLO BR FABIA GOLF IV 1.6 5H;VARIOS;03-004-37-0214;2;30;37
7061;CAPOT POLO BR 2003-07;VARIOS;NA;1;190;165
7062;SEGURO PARACHOQUE POST L/I GOL 00-05;VARIOS;NA;3;1.52;6
7063;PLATILLO AMORTIGUADOR SUPERIOR POLO IND ;VARIOS;NA;0;1.52;25
7064;TOMA AGUA SUPERIOR POLO BR 6Q0.122-291E PIN;VARIOS;MO0671-OST-2128;2;1.45;7
7065;EMPAQUE CARTER CAUCHO GOL GOLF VENTO;VARIOS;1169;3;9.82;24
7066;SEGURO PARACHOQUE DEL JETTA 08-11 L/D;VARIOS;NA;0;7.14;25
7067;KIT TUERCA PUNTA POLO VIRTUS;VARIOS;NA;6;0;8
7069;PARASOL ESCARABAJO V/MODELOS;VARIOS;NA;0;0;26
7069;KIT PERNO POLEA TEMPLADOR GOLF;VARIOS;NA;1;8;3
7070;SWITCH PARQUEO GOL 01-02;VARIOS;171090316;4;0;25
7071;EMPAQUES MOTOR GOL 00-05;VARIOS;1171;0;25;73
7072;CHAPA PUERTA DEL GOL 00-09 L/D;VARIOS;NA;0;48;55
7073;CHAPA PUERTA DEL GOL 00-09 L/I;VARIOS;NA;0;48;55
7074;MECANISMO MANIJA GOL LI;VARIOS;NA;0;0;7
7075;ROTULA GOLF IV JETTA 2.0 01-08 LI;VARIOS;N1058;12;0;16
7076;MANGUERA COLECTOR POLO GOL FOX 1.6;VARIOS;NA;0;0;16
7077;RINES GOL 2001 0.50 DELGADO;VARIOS;NA;3;0;47
7078;RINES GOL 2001 STD DELGADO;VARIOS;NA;3;0;50
7079;RINES GOL 2001 0.25 DELGADO;VARIOS;NA;0;0;50
7080;BOBINA ENCENDIDO POLO FOX;VARIOS;B0E91;2;0;67
7081;VALVULA ADMISION GOL 1.6 CC 95-99 8MM  JGO;VARIOS;NA;4;0;29
7082;VALVULAS ESCAPE GOL 01-08 VE0700087 JGO;VARIOS;NA;1;0;45
7083;VALVULAS ESCAPE POLO 1.6 FOX BAH JGO;VARIOS;NA;0;0;33
7084;SENSOR TEMP GOL 95-97 ECT ;VARIOS;NA;0;0;28
7085;TUBO AGUA GOL 01-08 A/C;VARIOS;45879;2;0;23
7086;SEGURO VARILLA CAPOT GOL;VARIOS;NA;1;0;3
7087;PALANCA DIRECCIONAL ESCARABAJO BRASILIA;VARIOS;INL472;1;0;75
7088;PLUMAS 11 ESCARABAJO;VARIOS;NA;0;0;15
7089;ORIN INYECTOR GOL;VARIOS;NA;8;0;1
7090;POLEA TEMPLADOR JETTA 2.0 01-08;VARIOS;NA;0;0;25
7091;MAQUINA LEVANTAVIDRIOS  ELE GOLF HATH 02/08 POLO 03-14 L/D;VARIOS;NA;1;0;68
7092;PALANCA DIRECCIONAL GOL 01-05;VARIOS;1018;0;0;37
7093;KIT DISTRIBUCION BAH POLO FOX GOL 1.6 135 D;VARIOS;KKMA01106;1;0;89
7094;KIT DISTRIBUCION GOLF IV JETTA 138 D;VARIOS;VKM 01113;4;0;85
7095;EMPAQUES MOTOR ESCARABAJO SABO;VARIOS;171010195;3;0;18
7096;PROTECTOR BANDA INFERIOR AMAROK 11-13 TDI;VARIOS;NA;0;0;32
7097;RADIADOR ACEITE GOLF VENTO 2.0 SANTANA;VARIOS;NA;0;0;26
7098;REGULADOR 30 AMP ESCARABAJO190.350.068;VARIOS;NA;1;0;88
7099;PROPULSORES ESCARABAJO JGO OM;VARIOS;NA;0;0;67
7100;PALANCA SELECTORA GOL 2001;VARIOS;133115051;3;0;47
7101;BANDA POLY V 2275 GOL C/A 01-05;VARIOS;NA;1;0;16
7102;BANDA POLY V 2272 GOL C/A 01-05;VARIOS;NA;0;0;16
7103;BANDA POLY V 1741 GOL S/A 01-05;VARIOS;RAA412;0;0;18
7104;EMPAQUE ESCAPE GOLF VENTO MAN-101;VARIOS;464;7;0;6
7105;PEDALES ESCARABAJO BRASILIA;VARIOS;NA;0;0;159
7106;RULIMAN ESFERAS ARBOL GOL (TAPA) 013.311.371 1;VARIOS;NA;1;0;44
7107;CAUCHO PUERTA GOL 95-01 LI/LD;VARIOS;37387;0;0;25
7108;PLATILLO AMORTIGUADOR GOLF VENTO;VARIOS;19141241;3;0;9
7109;TAPA DISTRIBUIDOR ALTA ESCARABAJO VK106;VARIOS;20056;3;0;12
7110;PALANCA DIRECCIONAL ESCARABAJO MEX 111.953.513F;VARIOS;171090147;0;0;86.25
7111;CILINDRO POST 17 MM 113.611.053B 04-0061;VARIOS;171060015;0;0;18
7112;INYECTOR GOLF IV JETTA 01-07;VARIOS;622063;3;0;45
7113;RADIADOR ACEITE NEGRO ESCARABAJO;VARIOS;NA;1;0;155
7114;SERVOFRENO GOL 02-05 BOLA;VARIOS;7987;1;0;65
7115;CINTA VOLANTE ESCARABAJO BRASILIA 130 D;VARIOS;NA;1;0;47
7116;MANIJA EXT ESCARABAJO T/M NIQUEL;VARIOS;MAD471;1;0;29
7117;MANIJA EXT DELT FOX POLO BR GOLF IV;VARIOS;NA;1;0;13
7118;MANIJA INT GOL GRIS LI 403;VARIOS;373868403 ACZ;3;0;5
7119;COBERTOR MANIJA PALANCA CROMO GOL 01-06;VARIOS;115017;2;0;21
7120;DIRECCIONAL DELANTERA AMAZON 87 L/I;VARIOS;NA;1;0;11
7121;FILTRO ACEITE POLO INDU 1.6 2016-18 ;VARIOS;NA;4;0;9
7122;LIRBRE;VARIOS;NA;0;0;37
7123;CUBIERTA TABLERO L/I NEGRA GOL 01/05;VARIOS;NA;2;0;11
7124;ESPEJO RECT 4P CONTROL L/I GOL 1481.0;VARIOS;1481;1;0;42
7125;INYECTOR AMAROK TSI;VARIOS;NA;1;0;129
7126;VARILLA ACEITE POLO BR;VARIOS;NA;1;0;11
7127;MANGEURA INFERIOR GOLF 1.6 00-08;VARIOS;NA;0;0;55
7128;FARO DELAN JETTA 2008-11 LI;VARIOS;NA;1;0;114
7129;FARO DELAN GOL 2009-12 LI;VARIOS;NA;1;0;81
7130;FARO DELAN GOL 2001-06 LD 510;VARIOS;NA;0;0;64
7131;TAMBOR POST GOL 180 MM 95-99;VARIOS;HF 65B;5;0;29
7132;ELECTROVENTILADOR GOL 95-99 A/C 250 W;VARIOS;NA;1;0;78
7133;MANGUERA FRENO DELAN LARGA ESCARABAJO 445 MM 113.611.701;VARIOS;MDF472;3;0;12
7134;MANGUERA FRENO POST GOLF VENTO;VARIOS;4530188;3;0;9
7135;SENSOR MAP GOL 1.8 00-06;VARIOS;04-002-37-0232;2;0;28
7136;ROTOR ALTO ESCARABAJO AMAZON 21215;VARIOS;RON302;6;0;7
7137;MAQUINA LEVANTAVIDRIOS  GOL 98-07 LD 4175D 4P;VARIOS;R4175D;0;0;51
7138;PASTILLAS PÁSSAT 2.8 POST ;VARIOS;NA;0;0;35
7139;TERMINAL AMAROK LI TDI;VARIOS;TRI481;2;0;18
7140;TERMINAL AMAROK LD TDI;VARIOS;TRD481;2;0;18
7141;TERMINAL ESCARABAJO LI P/G N-127 0180882;VARIOS;TRI471;5;0;15
7142;SENSOR RALENTY IAC GOL 97-99 404.301.02;VARIOS;40430102;1;0;26
7143;VALVULAS ESCAPE ESCARABAJO1.6 113.109.612 A U/N;VARIOS;NA;2;0;9
7144;RULIMAN POLEA TEMPLADOR GOL HF 88F;VARIOS;BB1-4829A;0;0;5
7145;KIT BASE PALANCA GOL SAVEIRO;VARIOS;NA;0;0;8
7146;EMPAQUE  ADM VENTO GLS;VARIOS;NA;1;0;6
7147;FARO DELAN GOL 2009-12 LD;VARIOS;NA;1;0;81
7148;FARO DELAN GOL 2001-06 LI 511;VARIOS;NA;0;0;64
7149;SOPORTE ELECTRO GOL 2001-08 S/AC;VARIOS;17110128;0;0;21
7150;ASPAS ELECTRO GOLF 95 1.8 USD;VARIOS;NA;1;0;10
7151;RULIMAN PEUGEOT 206 ;VARIOS;NA;1;0;23
7152;PISTONES AMAZON GOL 1.6 0.50 C/RINES;VARIOS;NA;1;0;155
7153;PISTONES GOL 1.8 STD C/RINES 2001;VARIOS;NA;1;0;140
7154;PARACHOQUE DELAN GOL 95-99;VARIOS;NA;0;0;61
7155;FRONTAL U RADIADOR JETTA 2008-11;VARIOS;NA;1;0;102
7156;CABLE ACELERADOR ESCARABAJO T/M 111.721.555E;VARIOS;CAA472;6;0;6
7157;MANGUERA FRENO POST GOL 00-05;VARIOS;CAE472;5;0;9
7158;CABLE EMBRAGUE ESCARABAJO 2290MM 111721335C;VARIOS;03-003-37-0057;6;0;7
7159;MANIJA LEVANTA VIDRIOS ESCARABAJO / 70 PASADOR;VARIOS;MAV473;14;0;8
7160;TERMINAL ESCARABAJO LD P/D N-122 0184010;VARIOS;TRD472;3;0;15
7161;TERMINAL ESCARABAJO LI P/D N-121 0194011;VARIOS;TRI472;5;0;15
7162;TERMINAL ESCARABAJO LD P/G N-128;VARIOS;TRD471;5;0;15
7163;TERMINAL ESCARABAJO OJO LI P/D N-124 0194012;VARIOS;RON302;3;0;23
7164;TERMINAL ESCARABAJO OJO LI P/G N-129 0194004;VARIOS;NA;0;0;28
7165;TOMA BASE TERMOSTATO GOLF VENTO;VARIOS;037121121A;2;0;12
7166;DESLIZANTE CENTRAL ASIENTO GOLF GOL;VARIOS;DES;13;0;3
7167;RIN SINCRONIZADO 1RA 2DA GOL 00-05 013.311.269.1;VARIOS;NA;1;0;21
7168;TUERCA PUNTA EJE POLO BR;VARIOS;NA;1;0;6
7169;BUJE PUENTE POST 10 MM AMAZON;VARIOS;BUJEP;1;0;6
7170;KIT PERNOS AMORTIGUADOR ;VARIOS;NA;1;0;8
7171;BASE CAPOT POLO BR 2022;VARIOS;NA;1;0;75
9663;MANGUERA SUPERIOR AMAROK TDI;VARIOS;MSE481;4;5.36;13
9692;CHAQUETAS BIELA ESCARABAJO 1.3/1.5/1.6  0.75;VARIOS;171090095;1;14;16
9664;CABLE VELOCIOMETRO ESCARABAJO;VARIOS;CAV471;1;4.46;10
9778;PASTILLAS CRAPTER SP1622;VARIOS;PS1622;1;27.15;47
7172;CAUCHO MULTIPLE ESCARABAJO113.129.729B;VARIOS;171010167;5;3.5;7
7173;VARILLA EMBRAGUE GOLF III 342 MM;VARIOS;VRA009;0;12;15
7174;KIT RETEN VARILLA EMBRAGUE GOLF III;VARIOS;BCE003;0;10;16
7175;MICA POST ESCARABAJO GRANDE ;VARIOS;MPA471;1;6.7;14
7176;BICEL FARO 1/H  PLASTICO;VARIOS;AFD472;5;4.46;12
7177;EMBLEMA CAPOT ESCARABAJO;VARIOS;EMB471;3;2.68;7
7178;ROTOR ESCARABAJO BAJO ANTIGUO;VARIOS;RON472;7;1.79;7
7179;FUNDA EMBRAGUE ESCARABAJO 33.5 CORTA;VARIOS;FCE441;0;4.46;11
7180;ROTULA ESCARABAJO INFERIOR ;VARIOS;RTI471;6;6.25;13
7181;ROTULA ESCARABAJO SUPERIOR ;VARIOS;RTS471;6;6.25;13
7182;PIÑON 3RA GOL 00-05 1.8 CC 36 D;VARIOS;PñC003;0;55;119
7183;PIÑON 3RA GOL 00-05 1.8 CC 28 D;VARIOS;PÑC17;0;56;81
7184;WIPE;VARIOS;0;46;7;1
7186;KIT EJE POST ESCARABAJO;VARIOS;171050016;6;6;12
7187;ABRAZADERA ESCAPE ESCARABAJO;VARIOS;171020013;4;5;6
7188;BOMBA FRENO ESCARABAJO D/CIRCUITO C/LARGO;VARIOS;BMF472;1;22.32;40
7189;BOMBA FRENO ESCARABAJO1 CIRCUITO;VARIOS;BMF471;2;15.15;38
7190;TUBO NIQUELADO ESCAPE ESCARABAJO;VARIOS;TPP102;0;7.86;17
7191;BOMBA GAS ESCARABAJO;VARIOS;BMG471;1;12.5;35
7192;KIT PEDAL ACELERADOR ESCARABAJO;VARIOS;PAC471;5;2.68;10
9689;TUERCA EJE POST ESCARABAJO CASTILLA;VARIOS;171050028;1;6;16.5
9734;SENSOR VELOCIMETRO GOL 99-04 SANTANA;VARIOS;DKK;0;0;40
9791;ELECTROVENTILADOR GOL 00-05 S/C;VARIOS;1460.0105-VIK;0;34.59;56
9665;BOMBA GAS COMP GOL 00-05 1.8;VARIOS;622034;0;47.9;98
9666;FLOTADOR GAS  GOL 00-05 CORTO;VARIOS;622001;0;12.5;26
9667;FLOTADOR GAS GOL 00-05 LARGO;VARIOS;622007;3;13.9;29
9668;DISTRIBUIDOR ESCARABAJO 79 ELECTRONICO;VARIOS;622133;0;32.9;68
9669;SENSOR CKP GOL 1.6 C/CABLE 08-09 CUADRADO;VARIOS;622076;1;25.9;54
9670;SENSOR CKP GOLF POLO BR 1.6 REDONDO;VARIOS;622122;1;23.5;49
9671;SENSOR CMP GOL POLO FOX 1.6 09-10;VARIOS;622092;4;22.5;18
9672;VALVULA VACIO AMD GOLF 1.6;VARIOS;722038;1;9.8;18
9673;FLOTADOR AMAROK TDI 2.0;VARIOS;622142;0;14.9;37
9674;BOMBA GAS COMP GOLF IV JETTA 2.0 02-12 C/FLOTAD;VARIOS;622102;3;54.9;78
9675;CALCO TAPA GAS REDONDO;VARIOS;171010238;1;14;11
9676;BOCIN CEBOLLITA ESCARABAJO ORIGINAL;VARIOS;171070003;11;2;5
9677;BUJE PALANCA PLASTICO ESCARABAJO;VARIOS;171070005;3;2;4
9678;TOMA AGUA S/TERMOSTATO GOL 00-05;VARIOS;TMA001;6;4.5;8
9679;ABRAZADERA GUARDAPLVO GOLF VENTO GRANDE;VARIOS;1;0;1;3
9680;MESA POLO 1.4CC 16V 95-99;VARIOS;2;0;16;31
9681;BOMBA FRENO GOL 95-98 ;VARIOS;BMF004;0;42.56;55
9682;BANDA POLY V 6PK 1195  GOLF IV JETTA;VARIOS;171010544;2;25;25
9683;COLADOR ESCARABAJO;VARIOS;171010105;2;8;17
9759;ACEITE GALON 20W50 PDV;VARIOS;319248-PDV;0;18.9;26
9684;SOPORTE CAJA SIMPLE ESCARABAJO;VARIOS;171030024;0;15;22.5
9754;DISCO FRENO AMAROK TDI;VARIOS;HF 90;2;47.5;81
9685;CHAQUETAS ARBOL ESCARABAJO MORESA;VARIOS;171010072;0;10;15
9686;CHAQUETAS ARBOL ESCARABAJO SILVER LINE;VARIOS;171101763;0;17;24
9687;CHAQUETAS BIELA ESCARABAJO 1.00 MAHLE;VARIOS;171010100;0;14;21
9766;KIT  MOLDURA TECHO GOL 4P 01-05 L/I ;VARIOS;CAUCHO;0;22;36
9688;SENSOR TEMP 2 PINES POLO FOX GOL 1.60;VARIOS;EDU2;20;1;13
9690;TUERCA VOLANTE ESCARABAJO ;VARIOS;171010378;1;15;21
9691;EMPAQUE ESCAPE METAL AMAROK TURBO TDI PEQUEÑO ;VARIOS;171101918;1;6;11
9693;PROPULSORES ESCARABAJOJGO MORESA;VARIOS;171010194;0;35;47
9694;BIELA ESCARABAJO OM 1.6 CC;VARIOS;171010467;0;32;42
9695;MOLDURA PARABRISAS GOLF IV JETTA;VARIOS;171101777;0;115;155
9696;BOMBA ACEITE BAJA ESCARABAJO;VARIOS;171010037;0;32;47
9697;ARBOL LEVAS PLANO ESCARABAJO;VARIOS;17110011;0;62;98
9698;ALZAS CABEZOTE ESCARABAJO 1.60 ALUMINIO ;VARIOS;171010495;2;2.8;4
9699;RINES ESCARABAJO STD 1.6 CC OM;VARIOS;171010319;0;32;53
9700;VALVULA PCV DESFOGUE GOL 00-05;VARIOS;VRP411;6;4.5;10
9701;FILTRO AIRE BRASILIA ;VARIOS;FLR474;3;4.5;9
9702;FILTRO AIRE CABINA GOLF IV JETTA ;VARIOS;FLR484;0;4.91;11
9703;BLOCK AMAROK BITURBO;VARIOS;TAD471;0;3.13;7700
9704;RELAY BOMBA GAS 30 5 P GOLF VENTO;VARIOS;RLY001;0;5.6;16
9705;EMPAQUE ESCAPE METAL AMAROK BITURBO TDI GRANDE 2H0-253-115;VARIOS;352.55;1;13;21
9706;RELAY BOMBA GAS VERDE GOL 00-005;VARIOS;171090281;0;18;27
9707;MODULO ABS AMAROK TDI;VARIOS;15;0;98;3500
9708;RELAY BOMBA GAS 4P GOLF 95-99;VARIOS;RLY005;1;4.5;11
9709;SENSOR ABS DELAN AMAROK L/I;VARIOS;SRF054;0;32.85;71
9710;SENSOR ABS DELAN AMAROK L/D;VARIOS;SRF028;1;22.85;28
9711;CAUCHO  DIRECCION GOL  ESCARABAJO;VARIOS;BJC001;0;1;3
9712;ESPEJO TOYOTA HILIX L/D 02-05 4X4;VARIOS;GSE;0;1;75
9713;FILTRO DIESEL AMAROK S/SENSOR T/ DESIGUALES;VARIOS;FDG021;3;18;25
9714;BOMBA EMBRAGUE PEDAL POLO BR ;VARIOS;BME002;1;34.24;47
9715;HORQUILLA 3RA 4TA GOL 00-05;VARIOS;125;0;25;48
9716;KIT BANDA ACCESORIOR 6PK 1555 AMAROK TDI;VARIOS;VKA31148;4;79.39;135
9717;TAMBOR POST GOL VOYAGE 12-15;VARIOS;HF08D;2;14.55;29
9718;KIT DISTRIBUCION AMAROK TDI 160 D;VARIOS;VKMA011148;3;142;235
9719;CILINDRO 22MM DELANT ESCARABAJO 04-0044;VARIOS;04-0044;0;8.97;18
9720;BANDA POLY V 6DPK 1195;VARIOS;6DPK1195;1;24;34
9721;SWITCH ENCENDIDO GOL 03-05;VARIOS;CDA002;0;12;22
9722;CONMUTADORESCARABAJO MEX ;VARIOS;CMT014;0;6.48;19
9772;DEPOSITO LIQUIDO HIDRAULICO GOLF VENTO;VARIOS;DPA009;1;13.32;22
9723;TAPA COLADOR ESCARABAJO;VARIOS;171010358;3;10;12
9724;BRIDA BOMBA GAS ESCARABAJO;VARIOS;171010406;1;5;9
9725;EJE PEDAL EMBRAGUE ESCABARJO ;VARIOS;171010112;0;12;18
9726;TURBO AMAROK BITURBO ARGENTINA 2011;VARIOS;171010032;0;6;3920
9727;TERMOSWITCH AMAZON 87;VARIOS;TPR012;0;9;19
9728;CONDENSO CUADRADO OLIMPIC;VARIOS;CON471;8;2.68;8
9729;CUBIERTA PLASTICA CAJA ESCARABAJO;VARIOS;CPC471;4;0.54;3
9730;FARO POST GRANDE  COMPLETO ESCARABAJO;VARIOS;FPA472;3;12.5;25
9731;MAQUINA LEVANTAVIDRIOS  ESCARABAJO BR L/D;VARIOS;MVD472;1;12;23
9732;MAQUINA LEVANTAVIDRIOS ESCARABAJO BR L/I;VARIOS;MVI472;0;12;25
9733;RELAY CAMBIO/LUZ REDON ESCARABAJO T/A;VARIOS;REL471;3;11.16;26
9735;ROTULA SANTANA 92-98 L/D N-189;VARIOS;171040123;0;13;26
9736;ROTULA SANTANA 92-98 L/I N-188;VARIOS;171040124;0;13;26
9737;PLATILLO SUPERIOR GOLF 96;VARIOS;PTL006;2;5;9
9738;EMPAQUE TAPA VALVULAS ESCARABAJO;VARIOS;EMP;5;1;2.5
9739;KIT EMPAQUE TUBO ACEITE ESCARABAJO;VARIOS;ACE;1;1;5
9740;KIT CAUCHO INYECTOR AMAROK CRAPTER;VARIOS;AR;0;1;75
9741;VALVULAS ESCAPE GOL 95 GOLF P/D 026.109.611A JGO;VARIOS;PIL005;2;45;33
9742;MARIPOSA CABLE EMBRAGUE ESCARABAJO;VARIOS;171070044;1;2;4
9743;TROMPO STOP 3 CONT ESCARABAJO14112 E;VARIOS;171090230;12;10;12
9744;VALVULA PASE GAS ESCARABAJO 94.7825;VARIOS;171010381;1;8;12
9745;CABLE FRENO MANO ESCARABAJO 1770 MM 3632;VARIOS;CAF471;2;7.59;18
9746;POLEA TEMPLADOR LISA GOL 00-05 4117;VARIOS;PAL415;3;8.93;29
9747;FLOTADOR CARBURADOR 30 PIC ESCARABAJO;VARIOS;BYAC471;1;2.68;7
9748;HORQUILLA EMBRAGUE ESCARABAJOT/M 16465-1;VARIOS;VEM471;1;7.14;16
9749;MANGUERA CALEFACCION ESCARABAJO 41.812;VARIOS;MAC471;2;7.91;11
9750;LUZ SALON ESCARABAJO;VARIOS;LUZ471;1;4.02;10
9751;ROTOR ALTOESCARABAJO  ALETA 21628;VARIOS;RON301;8;1.79;7
9829;ACEITE 1/4 80W90 CAJA ;VARIOS;589;2;4;9
9752;SOCKETGOL 00-03 L/I;VARIOS;SPT038;0;22.5;37
9753;SOCKET GOL 00-03 L/D;VARIOS;PST039;0;22.5;37
9755;TAMBOR POST AMAROK TDI;VARIOS;HF 90A;2;42.15;88
9756;CILINDRO POST AMAROK TDI 04-1045;VARIOS;04-1045;4;17.54;28
9757;KIT CABLES GOL 95-98 MONOPUNTO;VARIOS;1505;2;23.97;40
9758;KIT MOLDURA TECHO GOL  4P 98-08;VARIOS;MLT021;0;40;75
9760;BUJIAS GOL GOLF 3 ELECT GRUESA;VARIOS;NGK-BUR5ETB-10;0;16;28
9761;FILTRO AIRE ALTO ESCARABAJO 135;VARIOS;TCA-135;0;4.6;9
9762;FILTRO AIRE BAJO  ESCARABAJO 134;VARIOS;TCA-134;1;4.6;9
9763;REFRIGERANTE AMARILLO 5 AÑOS GR;VARIOS;012MN4014-5;0;14;21
9764;REFRIGERANTE VERDE 5 AÑOS GR;VARIOS;012MN4013-5;4;14;21
9830;MANGUERA DEPURADOR CAROSERIA GOL 00-05;VARIOS;615003001;2;9;28
9765;RADIADOR CALEFACION GOLF VENTO ;VARIOS;17110205;1;28;28
9767;PLATINO 1044 OLIMPIC;VARIOS;PLT301;7;2.58;8
9768;SWITCH ENCENDIDO ESCARABAJO;VARIOS;CLT471;1;5.8;13
9769;BRIDA CARBURDOR ESCARABAJO;VARIOS;CDT472;2;1.52;5
9770;ACOPLE CAJA T/M ESCARABAJO;VARIOS;1710700001;1;10;19.5
9771;FARO POST GOL 10-12 L/D;VARIOS;12300;1;25;40
9773;CAUCHO COMPUERTA POST GOL 00-05;VARIOS;15800-1;0;5;38
9774;BRIDA DIRECCION ESCARABAJO;VARIOS;171040026;0;10;16
9775;KIT PERNO POLEA TEMPLADOR GOLF;VARIOS;7069;1;1;8
9789;VENSOR VELOCIMETRO GOLF VENTO;VARIOS;SRV016;1;6.17;10
9776;BASE BOMBA AGUA GOL;VARIOS;4587;0;1;29
9777;KIT REPRACION CAJA D/H GOLF VENTO ;VARIOS;KCD001;0;24.75;54
9779;PASTILLAS POST GOLF III IV JETTA POLO  SP1391 PD362;VARIOS;SP1391;4;14;29
9780;BOMBA AGUA CRAPTER 2.5 TDI ;VARIOS;VKPC86619;1;33.93;71
9781;DISCO FRENO POLO C PASSAT;VARIOS;HF03A;2;37.6;57
9782;TAMBOR POST POLO BR FOX 1.6;VARIOS;HF08A;2;22.78;50
9783;DISCO FRENO POST CRAPTER 30;VARIOS;HF471H;2;48.88;98
9784;DISCO FRENO GOLF IV JETTA 280 MM;VARIOS;HF82;2;31.07;42
9785;DISCO FRENO CRAPTER 30 SOLIDO;VARIOS;HF471F;2;57.28;114
9786;DISCO FRENO GOLF IV JETTA 2.5 HF88F 11-18 ;VARIOS;HF88F;2;29.66;57
9787;DISCO FRENO VIRTUS 1.6 18-21 5H HF81B;VARIOS;HF81B;4;24.42;37
9788;VALVULA PRECION N75 AMAROK TIGUAN OM;VARIOS;171101458;0;76.5;140
9790;SELENOIDE ESCARABAJO MEX;VARIOS;171010333;0;32;50
9792;ELECTROVENTILADOR GOL 09-12 VOYAGE A/C;VARIOS;1460.03111-VIK;1;43.54;80
9793;ELECTROVENTILADOR AUXILIAR POLO FOX 01-08 A/C;VARIOS;1460.03103-VIK;1;31.48;57
9794;RADIADOR CALEFACCION POLO BR;VARIOS;1460-03103-VIK;1;18;37
9795;BOTON ELEVAVIDRIO PASSAT ;VARIOS;1690.09103-VIKA;1;6.34;13
9796;BOTON  BLOQUEO POLO BR 01-12;VARIOS;1690.09113-VIK;1;5.21;11
9797;SWITCH ENCENDIDO ESCARABAJO GOLF VENTO;VARIOS;2080.03104-VIK;6;4.17;15
9798;CABLE FRENO MANO GOL 95-05;VARIOS;2340.01167-VIK;3;10.92;28
9799;CANESER JETTA 2.0 CC 2008 ;VARIOS;1430-04101-MGT;0;2.53;45
9800;TOMA AGUA GOL G1 PASSAT ;VARIOS;1430.03105-MGT;2;1.51;8
9801;BOMBA AGUA COMPLETA TODOS ;VARIOS; ;0;45;60
9802;ELECTROVENTILADOR GOL 09-10 S/A;VARIOS;ELECW;1;40;92
9803;ELECTROVENTILADOR C/BASE GOL 00-05 S/A;VARIOS;ELEC B;0;40;105
9804;RADIADOR GOLF VENTO C/A;VARIOS;3504;1;40;95
9805;RADIADOR GOLF IV JETTA 2.0;VARIOS;732769R;1;60;124
9806;AMORTIGUADOR POST POLO FOX;VARIOS;4456;4;21;44
9807;ANTENA RADIO GOL POLO GOLF ;VARIOS;2864;9;3;11
9808;FILTRO AIRE POLO 1.6 2016-18 SK FABIA;VARIOS;11291595;6;6;12
9809;CUBIERTA TABLERO L/D LARGA  GOL GRIS;VARIOS;546;0;5;13
9810;LIBRE;VARIOS;5646;0;5;1
9811;CUBIERTA TABLERO CENTRAL GOL 00-05 GRIS;VARIOS;66170101;0;6;13
9812;CUBIERTA TABLERO GOL 00-05 L/D GRIS;VARIOS;6819002001;1;6;11
9813;CORNER PARACHOQUE BRASILIA L/D;VARIOS;JI0099;2;3;7
9814;CORNER  PARACHOQUE BRASILIA L/I;VARIOS;J10098;1;3;7
9815;FILTRO DIESEL AMAROK CRAFTER T/ RECTAS;VARIOS;MF-41989;2;12;33
9816;FLOTADOR GAS GOLF VENTO ;VARIOS;BY029;0;15;31
9817;DEPOSITO AGUA POLO BR FOX 10-11 S/S 11.420;VARIOS;11420;4;10;21
9818;DEPOSITO AGUA PLUMAS GOL 95-05;VARIOS;G-1009;1;10;21
9819;DEPOSITO AGUA GOLF IV JETTA;VARIOS;108227;4;10;21
9820;LOGISTICA ;VARIOS;11418;66;10;5
9821;DEPOSITO LIQUIDO FRENO GOL AMAZON SANTANA;VARIOS;C-0102;1;7;15
9822;DEPOSITO LIQUIDO FRENO ESCARABAJO;VARIOS;589958;1;5;13
9823;BOMBA GAS COMP GOLF IV JETTA 2.0 02-12 S/FLOTAD;VARIOS;1J09119051C;1;48;99
9824;BOTON ESPEJO RETROV POLO JETTA ;VARIOS;1J1959565E;2;6;16
9825;LIBRE;VARIOS;KCA 3519;0;5;1
9826;KIT PASADOR MORDAZA GOLF VENTO;VARIOS;K7059;0;4;11
9827;LIBRE;VARIOS;K7019;0;4;1
9828;EMPAQUE TAPA BOMBA GAS GOL 00-05;VARIOS;CAU;0;2;12
9831;MANGUERA BOMBA AGUA  GOLF VENTO;VARIOS;20417;3;4;13
9832;MANGUERA CALEFACCION POLO FOX;VARIOS;21828;0;10;30
9833;MANGUERA DESFOGUE GOL 00-05;VARIOS;0371273H;0;3;11
9834;MANGUERA T GOLF VENTO;VARIOS;10054727;1;2;7
9835;MANGUERA FRENO DELANT GOLF VENTO;VARIOS;1H0611701;4;4;13
9836;MANGUERA SUP GOLF VENTO 1.8 S/A;VARIOS;037121053H;3;3;13
9837;MANGUERA SUP POLO FOX;VARIOS;21886;2;4;13
9838;BANDA POLY V 6PK 1155 GOLF VENTO C/A;VARIOS;1155;1;6;16
9839;BANDA POLY V 6PK 1065 GOLF IV S/A;VARIOS;1065;6;5;16
9840;BANDA 27 GOLF VENTO S/A;VARIOS;24;2;3;10
9841;BANDA 35 ESCARABAJO 13A0915C;VARIOS;1537;6;1;7.5
9842;BANDA DISTRIBUCION 150 D GOLF IV AUDI 1.8 T;VARIOS;06B109119;1;0;50
9843;BANDA 37 ESCARABAJO;VARIOS;37;1;2;7
9844;PROTECTOR BANDA INFERIOR GOLF 95-99;VARIOS;26709175;10;3;15
9845;PROTECTOR BANDA SEMILUNA GOLF 95-99;VARIOS;026109173A;6;3;8
9846;PROTECTOR RADIADOR GOL 00-05;VARIOS;5X0121293;1;5;21
9847;PROTECTOR BANDA SUP GOL 09-10;VARIOS;3213;1;8;35
9848;PROTECTOR BANDA SUPERIOR GOLF 95-99;VARIOS;26109107;2;6;35
9849;REJILLA PARACHOQUE GOLF VENTO L/I;VARIOS;2799A;#�VALOR!;0;2
9850;REJILLA PARACHOQUE GOLF VENTO L/D;VARIOS;2799B;2;2;7
9851;REJILLA PARACHOQUE GOL 00-02 S/H L/I;VARIOS;165465;2;3;11
9852;REJILLA PARACHOQUE GOL 00-02 C/H L/D;VARIOS;13465;0;3;15
9853;REJILLA PARACHOQUE GOL 00-02 C/H L/I;VARIOS;15646SD;1;3;15
9854;REJILLA PARACHOQUE GOL 03 S/H L/D;VARIOS;FRRAS;2;3;11
9855;REJILLA PARACHOQUE GOL 03 S/H L/I;VARIOS;54546;2;3;11
9856;REJILLA PARACHOQUE GOLF IV 07 L/D;VARIOS;5433;4;3;11
9857;REJILLA PARACHOQUE JETTA L/I;VARIOS;11493;3;3;11
9858;REJILLA PARACHOQUE JETTA L/D;VARIOS;8894;3;3;11
9859;REJILLA PARACHOQUE POLO 07-08 C/H L/I;VARIOS;35398;6;4;13
9860;REJILLA PARACHOQUE POLO BR C/H L/I;VARIOS;6Q0;1;3;11
9861;PASTILLAS AMAROK C/SENSOR ;VARIOS;WVA24484;2;12;35
9862;PASTILLAS KOMBI BR PD13;VARIOS;PD-13;2;8;17
9863;SOCKET BOMBA GASOLINA GOL 01-05;VARIOS;7709PPR;1;15;10
9864;PERILLA CALEFACCION GOL;VARIOS;377819129A;4;2;6
9865;CUBIERTA MANIJA GRIS GOL 00-02L/I;VARIOS;20347;0;5;11
9866;MOLDURA FARO POST GOL 00-02 L/D;VARIOS;69794;0;4;11
9867;CUBIERTA MANIJA NEGRA GOL 00-02L/I;VARIOS;2445G;0;5;11
9868;CUBIERTA MANIJA GRIS GOL 00-02L/D;VARIOS;20346;0;5;11
9869;CUBIERTA MANIJA NEGRA GOL 00-02L/D;VARIOS;5X086;1;5;11
9870;VALVULAS ESCAPE ESCARABAJO JGO;VARIOS;458G;2;8;36
9871;POLEA BANDA POLO PLASTICA  C/A;VARIOS;345;1;9;28
9872;POLEA ALTERNADOR GOL 09 METAL;VARIOS;458;1;10;29
9873;TEMPLADOR COMPLETO GOL 00-05 C/A;VARIOS;505;0;40;155
9874;TEMPLADOR ALTERNADOR POLO BR FOX;VARIOS;4103;2;30;54
9875;BOMBA GAS COMPL POLO BR ACHR;VARIOS;622035;1;45;160
9876;BOMBA DIESEL S/F AMAROK ;VARIOS;2H0919050B;1;45;88
9877;LUZ PLACA GOL 00-02;VARIOS;DP3382;3;4;11
9878;LUZ SALON GOL 09;VARIOS;17JHT;1;10;26
9879;BOTON LEVANTAVIDRIO GOLIV JETTA L/I;VARIOS;BRZ;0;15;37
9880;BOTON RETROVISOR POLO BR ;VARIOS;822042;0;9;19
9881;BOTON LEVANTAVIDRIO POST GOL 00-02;VARIOS;822031;1;18;38
9882;MESA GOL 09-14  L/D;VARIOS;26564SD;2;20;38
9883;MESA GOL 09-14 L/I;VARIOS;HTRA;2;20;38
9884;MESA GOLF IV JETTA ;VARIOS;ITARS;7;22;48
9885;KIT DISTRIBUCION GOL 95-05 1.8 OR 121 D;VARIOS;KC91;3;18;58
9886;ELECTROVENTILADOR GOLF VENTO 95-99;VARIOS;1H0959455J;1;40;92
9887;CABLE ACELERADOR SANTANA 87 3029;VARIOS;3029;1;3;13
9888;PALANCA CAMBIOS GOLF VENTO;VARIOS;3302;1;9;39.5
9889;MOLDURA FARO POST GOL 00-02 L/I;VARIOS;518;0;7;15
9890;LAME VIDRIO GOL INT  POST  L/I;VARIOS;373;4;6;13
9891;KIT MOLDURAS PUERTA GOL 95-95;VARIOS;156;2;9;19
9892;VALVULA PCV DESFOGUE ACEITE GOL 09 -10;VARIOS;036103464P;2;12;38
9893;VALVULA PCV DESFOGUE ACEITE POLO BR CROS FOX SK FAVIA;VARIOS;BOMB77;0;15;25
9894;BARRA ESTABILIZADORA GOL 00-05;VARIOS;JIIOASUOSD;1;34;78
9895;RULIMAN RUEDA DELT SANTANA AMAZON;VARIOS;ZBC407625;1;9;19
9896;MICA POST GRAD ESCARABAJO HELLA;VARIOS;OSD;1;10;26
9897;TUBO AGUA SANTANA 87;VARIOS;NBNN;1;5;16
9898;TAPA VOLANTE GOL 00-05;VARIOS;CS001;1;10;29
9899;SEGURO PARACHOQUE POST L/D GOL 00-05;VARIOS;UYISD;1;1.5;6
9900;CAUCHO VENTANA LATERAL ESCARABAJO;VARIOS;11384532125;2;5;16
9901;TERMINAL POLO FOX L/D GOL 09-12 14MM;VARIOS;281850;13;6;15
9902;TERMINAL BORA L/D;VARIOS;110174755;3;5;16
9903;TERMINAL SANTANA 92-93;VARIOS;3074198121;5;4;13
9904;TERMINAL BARRA DIRECCION SUP. GOL AMAZ SANT L/I;VARIOS;NBNBN;1;4;16
9905;TERMINAL BARRA DIRECCION SUP. GOL AMAZ SANT L/D;VARIOS;GT5;1;4;16
9906;ROTULA GOL 09-13 L/I;VARIOS;N1074;5;10;15
9907;KIT PÌSTONES FRENO POST AMAROK  OR;VARIOS;N1075;0;10;275
9908;LIBRE;VARIOS;S080277;0;8;1
9909;ROTULA GOL 98-99 D/M N1020;VARIOS;N-1020;0;7;19
9910;SEGURO PARACHOQUE DELAN GOL ;VARIOS;SEG;2;1.5;6
9911;CILINDRO FRENO POLO;VARIOS;CL1003;2;9;19
9912;SENSOR MAP GOL 95-98 MONOPUNTO;VARIOS;INYSSO0240;1;15;37
9913;POLEA BOMBA  D/H GOL 00-05;VARIOS;01PC707933;1;14;29
9914;PLATILLO AMORT POST GOL 00-05;VARIOS;303883;2;4;13
9915;PLATILLO SUPERIOR AMORTIG JETTA;VARIOS;5Z0412341;1;2;13
9916;SWITCH PARQUEO JETTA GOLF IV 2.0;VARIOS;1J0953235J;0;9;20
9917;SWITCH PARQUEO POLO BR;VARIOS;6N0953235B;0;10;26
9918;SWITCH PARQUEO GOL 09-10;VARIOS;5U0953235;0;10;18
9919;SWITCH LUCES ESCARABAJO;VARIOS;113941531B;0;4;11
9920;CAUCHO CABLE ACELERADOR GOL;VARIOS;BUJE;3;1;3
9921;CONMUTADOR ESCARABAJO BRASILIA ;VARIOS;43965;2;6;18
9922;MANIJA EXT POST L/D SANTANA 87 ;VARIOS;5108;0;19;20
9923;BOMBA FRENO ESCARABAJO D/CIRCUITO C/CORTO;VARIOS;5111;1;21;57
9924;BOMBA FRENO GOL 09-10;VARIOS;C-2058;1;26;54
9925;TOMA AGUA VENTO VR6 GOLF AUTOMATICO;VARIOS;037121144J;1;3;27
9926;BOMBA AGUA JETTA GOLF IV 2.0;VARIOS;06A121012A;3;19;38
9927;SOPORTE MOTOR GOLF VENTO L/D;VARIOS;103022755;2;15;41
9928;PALANCA DIRECCIONALES LUCES SANTANA 87;VARIOS;24066;1;10;26
9929;MANIJA EXT POST GOL 98;VARIOS;222231;1;6;13
9930;MANIJA LEVANTAVIDRIOS GOL 98 NEGRA;VARIOS;3.11838E+11;1;2;7
9931;CUBO RUEDA DELT POLO BR FOX;VARIOS;6Q0407621AC;4;23;50
9932;CUBO RUEDA POST POLO BR;VARIOS;8000194054;2;21;56
9933;MANIJA INT GOL 09-10 L/I;VARIOS;762253;0;2;7
9934;MANIJA INT GOL 09-10 L/D;VARIOS;43819;1;2;7
9935;PIÑON CIGUEÑAL POLO GOL 09-12;VARIOS;712108;1;4;16
9936;PERNO RUEDA ;VARIOS;PER;0;1;3
9937;SOPORTE RADIADOR SUP GOL 95-05;VARIOS;39;1;1;5
9938;SOPORTE RADIADOR LATERAL 95-05;VARIOS;43963;1;1;5
9939;SOPORTE ESTABILIZADORA GOLF VENTO;VARIOS;191411315B;1;2;15
9940;BARRA ACOPLAMIENTO POLO FOX GOL JE;VARIOS;6Q0.411.315.C;0;6;15
9941;CHAPA GUANTERA GOLF VENTO;VARIOS;109077755;0;6;13
9942;AXIAL GOLF IV JETTA COMPLETO L/I;VARIOS;1547Y;1;10;26
9943;CHAPA TAPA MOTOR ESCARABAJO;VARIOS;15790;1;10;26
9944;VARILLA ACOPLE CAJA GOL;VARIOS;704826;2;4;17
9945;APOYA BRAZO ESCARABAJO PLASTICO ;VARIOS;113867171E;1;3;10
9946;CHAPA COMPUERTA POST GOL 95/99;VARIOS;222237;1;7;22
9947;FARO DELAN ESCARABAJO;VARIOS;171100095;2;12;35
9948;ACEITE GALON 15W40;VARIOS;15W40;1;0;24
9949;ACEITE GALON SAE 40;VARIOS;SAE40;1;0;24
9950;PALANCA DIRECCIONALES LUCES GOL 95/97;VARIOS;1H0953513C;1;10;26
9951;MOTOR AGUA PLUMAS GOL 1 SALIDA ;VARIOS;069961-0;1;11;23
9952;EMPAQUE  ADM GOL 00-05 ;VARIOS;84737;13;1;4
9953;EMPAQUE  ADM GOL AMAZON SANT;VARIOS;46512F2;5;1;4
9954;EMPAQUE CARTER ASBESTO GOL GOLF VENTO;VARIOS;4641GF2;1;3;10
9955;EMPAQUE TAPA VALVULAS ASBESTO GOL GOLF AMAZON;VARIOS;46960EF;0;3;15
9956;EMPAQUE CABEZOTE POLO BR FOX ASBESTO;VARIOS;82343FLEX;5;11;18
9957;FUNDA EMBRAGUE COMBI 36 LARGA;VARIOS;3260;1;3;12
9958;PALANCA CAMBIOS GOL ;VARIOS;5X0.711.117;0;8;25
9959;PERILLA ASCIENTO GOL 95-98;VARIOS;377881269;2;2;7
9960;SWITCH CAJUELA/COMPUERTA  GOL 09-10;VARIOS;VW CA;1;10;26
9961;MANIJA CAPOT ESCARABAJO;VARIOS;201304;1;2;11
9962;MANIJA EXT GOL 2003;VARIOS;694691;0;7;21
9963;LETRA GLS GOL 95-99;VARIOS;405;6;1;6
9964;LETRA POLO;VARIOS;741081;2;2.5;8
9965;LETRA VOLKSWAGEN;VARIOS;691454;3;2.5;8
9966;LETRA JETTA 2010-14;VARIOS;9694;2;3;10
9967;LETRA GOLF 00-05;VARIOS;723164;6;2.5;9
9968;LETRA GOL 95-99;VARIOS;703539;5;1.5;7
9969;LETRA 1.6 GOL 95-99;VARIOS;701931;2;1.5;7
9970;LETRA 1.8 GOL 95-99;VARIOS;73614;5;1.5;7
9971;LETRA 1.6 GOL 00-05;VARIOS;760600;3;1.5;7
9972;LETRA FOX;VARIOS;750410;2;2;9
9973;LETRA 1.8 GOL 00-05;VARIOS;760534;3;2;7
9974;LETRA GOLF 95-99;VARIOS;9518;2;2;7
9975;EMBLEMA DELANT GOL 07-08 FOX;VARIOS;991;1;3;13
9976;EMBLEMA POST GOLF 95-99;VARIOS;445;1;4;13
9977;LAME VIDRIO GOL EXT  POST  L/I;VARIOS;373839477;3;6;13
9978;LAME VIDRIO GOL EXT  POST  L/D;VARIOS;373839478;4;6;13
9979;LAME VIDRIO GOL INT  POST  L/D;VARIOS;373839482;3;6;13
9980;LAME VIDRIO GOL EXT  DELAN  L/I;VARIOS;373837477;1;6;13
9981;LAME VIDRIO GOL EXT  DELAN  L/D;VARIOS;373837478;1;6;13
9982;LAME VIDRIO GOL INT  DELAN  L/I;VARIOS;373837482;1;6;13
9983;KIT PALANCA CAMBIOS ESCARABAJO;VARIOS;IJQ1PLA;0;16;33
9984;KIT RESORTE PEDAL EMBRAGUE ESCARABAJO;VARIOS;PO4D;1;4;14
9985;CAUCHO PEDAL FRENO EMBRAGE GOLF VENTO;VARIOS;699054;20;0.75;3
9986;TEMPLADOR ALTENADOR POLO B S/POLEA;VARIOS;506;1;10;26
9987;CAUCHO SOPORTE ESCAPE TODOS;VARIOS;NDC30106;10;0.5;3
9988;LUZ PLACA GOL 95;VARIOS;DP3001C;2;4;11
9989;GUARDAPOLVO JUNTA GOLF VENTO L/I;VARIOS;800709940;0;5;13
9990;GUARDAPOLVO PALANCA VARILLAJE GOL;VARIOS;377.711.671.A;3;3;10
9991;GUARDAPOLVO BARRA DIRECCION GOL 00-05;VARIOS;322001;3;1;6
9992;GUARDAPOLVO DELANT  POLO TOPE;VARIOS;K65;5;5;11
9993;GUARDAPOLVO AMORTIGUADOR POST GOL;VARIOS;708176;4;1;10
9994;LIBRE;VARIOS;23016;0;4;13
10000;CAUCHO PEDAL POLO FOX;VARIOS;723384;8;1;4
9995;COBERTOR MANIJA PALANCA NEGRO GOL 01-06;VARIOS;115011;2;5;13
9996;AMORTIGUADOR POST AMAROK 11-17 OJO;VARIOS;106466;3;28;45
9997;ESPIRAL POST GOLF VENTO ;VARIOS;98H023;1;15;47
9998;ESPIRAL DELAT GOLF VENTO ;VARIOS;98H050;2;30;62
9999;MANGUERA FRENO POST ESCARABAJO;VARIOS;4530177;5;3.95;11
10001;EMPAQUE CABEZOTE TIGUAN BEETLE TDI;VARIOS;171010880;0;38;52
10002;RETEN CIGUEÑAL POLO CLASSIC;VARIOS;107754445;1;20;41
10003;RETEN MOTRIZ GOL;VARIOS;2075;3;2;6
10004;RETEN MOTRIZ GOLF VENTO 95-99;VARIOS;V-103267;0;2;6
10005;RETEN MOTRIZ POLO BR;VARIOS;V10-3330;1;2;7
10006;RETEN GUIA VALVULA 6 MM POLO BR 1.6;VARIOS;04-1177;5;0.6;2
10007;KIT RETEN EJE TRANSMICION  GOLF VENTO 95-99;VARIOS;20498085;10;3;9
10008;RETEN EJE TRANSMICION  POLO;VARIOS;7452;3;2;7
10009;RELAY CAMBIO LUCES 3 P;VARIOS;1109;0;3;15
10010;SWITCH DESEMPAÑADOR GOLF VENTO 95-99;VARIOS;1H0959621;2;4;16
10011;TAPA GAS ESCARABAJO C/LLAVE;VARIOS;738001;2;5;13
10012;TERMOSTATO POLO DESARMABLE;VARIOS;TH627487;1;5;15
10013;TERMOSTATO POLO DESARMABLE C/TOMA;VARIOS;VT24587CT;0;9;19
10014;BUJE PUENTE DELAN FIBRA ESCARABAJO;VARIOS;BT;1;3;8
10025;SENSOR TEMP  AMAZ SANT S/S;VARIOS;2001;3;6;13
10015;GRAPA NIQUELADO ESCARABAJO;VARIOS;GRAP;71;0.1;1
10016;LUZ PLACA SEDAN;VARIOS;739;2;3;10
10017;REJILLA TABLERO SUP GOL 00-04;VARIOS;DF120P;3;2;7
10018;FOCO 1 CONTACTO AMARILLO DESIGUAL;VARIOS;667101;36;1;3
10019;FOCO 1 CONTACTO AMARILLO RECTO;VARIOS;6607107;7;1;3
10020;FOCO 2 CONTACTO AMARILLO RECTO;VARIOS;522907;10;1;3
10021;FOCO H7 55W GOLF IV POLO 2070;VARIOS;FH7;6;2.5;7
10022;FOCO UÑA GRANDE;VARIOS;10;10;0.5;2
10023;TROMPO ACEITE SANTANA;VARIOS;13012;2;3;11
10024;TROMPO RETRO AMAZ SANT GOL 95;VARIOS;551;1;6;14
10026;SENSOR TEMP 1 PIN GOL 95-98;VARIOS;4053;2;6;13
10027;PALANCA PLASTICA GOLF VENTO GRANDE;VARIOS;PA66;1;1;6
10028;PALANCA PLASTICA GOLF VENTO MEDIANA;VARIOS;191711595A;0;2;2
10029;GUIA VALVULA 6 MM;VARIOS;GUA;3;2;6
10030;BUJE TOMATE GOLF VENTO;VARIOS;BUJ;6;1;3
10031;SURTIDOR AGUA GOL AMAZ SANT;VARIOS;SUR;2;2;8
10032;SOPORTE MOTOR FRONTAL CARROCERIA GOL;VARIOS;1046;1;6;16
10033;TAPON CAJA CAMBIO GOL 00-05;VARIOS;N38335;1;2;7
10034;TAPAGRASERO KOMBI IZQ;VARIOS;KAM;1;2;7
10035;RETEN VARILLA GOLF VENTO;VARIOS;RED;9;1;3
10036;MODULO ENCENDIDO AMAZ SANT;VARIOS;15587;0;5;37
10037;REGULADOR PRECION GAS GOL GOLF;VARIOS;469;0;8;25
10038;ESPEJO RETROVISOR L/D ESCARABAJO;VARIOS;LS301;2;5;13
10039;TAPAGRASERO ESCARABAJO INYECCION L/I;VARIOS;TAPA;2;1;4
10040;POLEA TEMPLADOR ACANALADA GOL 00-05 ;VARIOS;52021;0;9;29
10041;SWITCH LUCES GOL 00-03 C/H;VARIOS;17066;0;15;37
10042;CONECTOR ENTRADA GAS GOL GRAND;VARIOS;QC004;3;3;7
10043;CONECTOR ENTRADA GAS GOL PEQUEÑ;VARIOS;N25461;0;3;7
10044;VARILLA BOMBA GAS 100MM;VARIOS;133127307A;0;2;11
10045;TOMA AGUA CODO POLO BR;VARIOS;032121118D;1;1;7
10046;TOMA AGUA S/TEM BORA 2008;VARIOS;TM;0;50;68
10047;TROMPO ACEITE BORA 2008 STARK;VARIOS;TE;0;7;13
10048;BUJE MESA SANTANA 91/96;VARIOS;72013188;3;3;7
10049;BUJE PUENTE POST GOL 00-05 12 MM;VARIOS;BUR;2;4;13
10050;BUJE  PUENTE POST GOLF VENTO;VARIOS;1215657;0;7;16
10051;BUJE  PUENTE POST GOLF IV JETTA  POLO FOX ;VARIOS;BYE;6;5;17
10052;BUJE  PUENTE DELAN GOL 00-05 10 MM;VARIOS;S74502;4;4;9
10053;SOPORTE DELAN GOL TIPO E;VARIOS;VW1134;1;4;18
10054;SOPORTE CAJA  DELAN CAMBIO  GOL TIPO Y;VARIOS;VW1135;2;4;18
10055;MANIJA PALANCA COMO GOL 00-05;VARIOS;37.711141AC;2;3;19
10056;REJILLA BRASILIA ;VARIOS;TEJILLA;0;1;4
10057;SOPORTE PARASOL GOLF VENTO;VARIOS;SEGDQY;3;1;4
10058;KIT CAUCHO INYECTOR GOLF VENTO;VARIOS;622087;2;3;10
10059;BUJE HORQUILLA EMBRAGUE ESCARABAJO;VARIOS;UJE H;2;0.6;2
10060;BUJE  PUENTEN DELAN SAVEIRO SANTANA 2.0;VARIOS;BUJ{;2;6;13
10061;CAUCHO CONTORNO MOTOR ESCARABAJO;VARIOS;16224;1;3;21
10062;CAUCHO ESCAPE GRANDE;VARIOS;CAUCHO ES;1;1;4
10063;CAUCHO BARRA ESTABILIZADORA GOLF VENTO;VARIOS;1H0411314;1;2;5
10064;GUIA RULIMAN EMBRAGUE POLO 1.4;VARIOS;GIA POLO;1;5;11
10065;MANGUERA CALEFACCION GOLF VENTO;VARIOS;4455;0;5;16
10066;BOCIN ESTRIADOR GOLF VENTO;VARIOS;BOCN ES;0;1;5
10067;SOPORTE MOTOR L/I GOLF VENTO;VARIOS;357199402B;1;6;15
10068;CHAPA GUANTERA INTERNA GOLF VENTO;VARIOS;1H1857131;0;4;13
10069;LIBRE;VARIOS;KIT PALA;0;16;37
10070;TOMA TERMOSTATO GOLF IV JETTA;VARIOS;897;1;3;10
10071;VALVULA PCV DESFOGUE  GOLF VENTO;VARIOS;37129101;5;4;13
10072;REJILLA PARACHOQUE CENTRAL GOL 00-02;VARIOS;70010;1;1;15
10073;CAUCHOS RADIADOR ESCARABAJO UNA MEDIDA;VARIOS;CAUCJ;5;0.5;3.5
10074;BASE GUARADPOLVO PLANCA GOL CUADRADO;VARIOS;5X6860122;3;3;9
10075;FOCO LED PLACA FRENO POST JETTA ;VARIOS;LUZ;0;3;16
10076;INYECTOR AGUJA BRASILIA ESCARABAJO;VARIOS;FTM210240;1;3;7
10077;SOPORTE MOTOR FRONTAL GOL 98-98 CURVO;VARIOS;BASE ;4;4;18
10078;SOPORTE CAJA GOL 09-10 TEMPLADOR;VARIOS;5U0199851;1;21;65
10079;BOTON ELEVAVIDRIO LD POLO FOX GOL;VARIOS;8022020;3;6;16
10080;BOTON LEVANTAVIDRIO POLO ;VARIOS;6Q0959855;1;6;16
10081;SOPORTE AMORT GOLF IV JETTA 2.0 GOL 09 1.6 POLO IND;VARIOS;CXC1132;4;8;20
10082;SOPORTE AMORT GOL AMAZON 87;VARIOS;800191404;2;6;13
10083;MANIJA INT NEGRA GOL 95-99 L/D ;VARIOS;0;1;1;7
10084;TOMA AGUA JETTA S/P DELGADA;VARIOS;WF0151;2;5;13
10085;FILTRO GAS POLO BR 3 BAR;VARIOS;2566;0;10;26
10086;KIT ESTABILIZADOR GOLF VENTO;VARIOS;KIT;1;1;8
10087;FUSIBLE 30 PEQUEÑO;VARIOS;F30;17;0.11;0.4
10088;FUSIBLE 10 PEQUEÑO;VARIOS;F10;12;0.25;0.25
10089;FUSIBLE 15 PEQUEÑO;VARIOS;F15;13;0.25;0.25
10090;FUSIBLE 20 PEQUEÑO;VARIOS;F20;14;0.25;0.25
10091;FUSIBLE 25 PEQUEÑO;VARIOS;F25;17;0.25;0.25
10092;FUSIBLE 20 GRANDE;VARIOS;F20G;17;0.25;0.5
10093;FUSIBLE 30 GRANDE;VARIOS;F30G;14;0.25;0.5
10094;FUSIBLE 15 GRANDE;VARIOS;F15G;13;0.25;0.5
10095;FUSIBLE 10 GRANDE;VARIOS;F32G;17;0.25;0.5
10096;FUSIBLE 8P CERAMICA;VARIOS;F8P;8;0.25;0.5
10097;FUSIBLE 25P CERAMICA;VARIOS;F25P;0;0.25;0.5
10098;FUSIBLE 16P CERAMICA;VARIOS;F15P;12;0.25;0.5
10099;TERMOSWITCH GOLF VENTO 3 CONTACTOS;VARIOS;103139;4;8;17
10100;FUSIBLE 5P CERAMICA;VARIOS;F5P;0;0.25;0.5
10101;REJILLA PARACHOQUE GOL 09-12 C/H L/D;VARIOS;KASK;1;1;13
10102;PLATILLO AMORTIGUADOR SUPERIOR GOL 01-05 BAJO;VARIOS;PTL005;0;5.7;12
10103;CARBURADOR ESCARABAJO 1.6 URBA;VARIOS;CAR;0;1;320
10104;MICA DIRECCIONAL BRASILIA 78;VARIOS;DA481;2;1.79;6
10105;PALANCA DIRECCIONAL ESCARABAJO 74-78;VARIOS;INL471;3;15.18;37
10106;CONMUTADOR 5 PINES GOL 00-05 DKR;VARIOS;RPC4711;2;3.3;9
10107;PLUMAS 21/19 GOL 2010;VARIOS;PLU003;3;9.38;21
10109;BRAZO PLUMAS ESCARABAJO 67;VARIOS;BRP471;2;5.8;13
10110;RELAY CAMBIO/LUZ CUADRADO ESCARABAJO T/M;VARIOS;171090171;1;18;28
10132;TROMPO STOP POLO JETTA ;VARIOS;TRP005;6;6;15
10112;BOMBA DIESEL COMPL AMAROK 2.0;VARIOS;622073;2;71.34;125
10113;BOBINA ENCENDIDO JETTA 2.0 POLO FABIA LAIZ ORG;VARIOS;622078;3;27.59;75
10114;MANIJA LEVANTAVIDRIO PERNO ESCARABAJO;VARIOS;MAV471;7;2.68;6
10115;FLOTADOR GAS ESCARABAJO MX 66-74 ELECTR;VARIOS;171090094;0;34;45
10116;CAÑERIA FRENO PRINCIPAL ESCARABAJO;VARIOS;101060012;2;15;22
10117;KIT ZAPATAS AMAROK 11-20;VARIOS;S996-1667;2;22;47
10118;AMORTIGUADOR POST CAPTER SPRINTER 3.5 O/O;VARIOS;102009;2;32;67
10119;AMORTIGUADOR DELAN T CROSS TRENDLINE 1.6 20-24;VARIOS;208887;2;26;54
10120;POLEA ALTERNADOR AMAROK;VARIOS;VKM03112;1;57;114
10121;RULIMAN DOBLE CAJA FOX POLO;VARIOS;VKT1000;2;49.5;102
10122;KIT RULIMAN RUEDA POST AMAROK;VARIOS;VKBA4752;4;69;143
10123;CUBO RUEDA DELAN POLO VIRTUS 1.6 21-24;VARIOS;VKBC4223;4;39.9;75
10124;MASCARILLA AMAZON 87;VARIOS;171080273;0;22;29
10125;CABLE CAPOT ESCARABAJO;VARIOS;3485;1;2.98;8
10126;ESPEJO RETROVISOR L/I ESCARABAJO;VARIOS;3514;2;4.25;13
10127;CHAQUETAS BIELA ESCARABAJO 1.3/1.5/1.6 0.25;VARIOS;4147;2;6.17;16
10128;CHAQUETAS BIELA ESCARABAJO 1.3/1.5/1.6 0.50;VARIOS;4014;1;6.14;16
10129;CHAQUETAS BANCADA ESCARABAJO INT 0.25 EXT 1.00;VARIOS;4001;1;21.23;47
10130;CHAQUETAS BANCADA ESCARABAJO INT 1.50 EXT 0.25;VARIOS;4002;1;21.23;47
10131;CHAQUETAS BANCADA ESCARABAJO INT 0.25 EXT 2.00;VARIOS;4139;1;21.23;47
1;KIT EMBRAGUE GOLF IV JETTA 2.0 CC 00-05;VARIOS;5647;2;65.98;110
10134;BOTON  ELEVAVIDRIOS CROSSFOX POLO L/I;VARIOS;171085289;0;10;15
10148;TAMBOR POST 5H ESCARABAJO;VARIOS;171060085;2;35;49
10137;CILINDRO MANIJA GOL 10-15;VARIOS;CHI414;0;18.75;37.5
10149;CASQUILLO CABLE CAMBIO GOL POLO FOX;VARIOS;171101473;1;18;30
10150;CONMUTADOR 5 PINES GOL 00-05 KOSTAL;VARIOS;STR451;0;10.71;20
10138;CAJA DIRECCION ESCARABAJO;VARIOS;PRD03-BS;0;89.35;178
10135;ESPEJO CROSSFOX POLO CONTROL L/D;VARIOS;171010637;0;39;54
10151;BOMBA ACEITE ALTA ESCARABAJO;VARIOS;10.014;1;25;47
10136;KIT PERNOS MORDAZA GOL 98  ;VARIOS;PCM003;0;10.25;18
10133;KIT REPARACION MORDAZA ESCARABAJO 40 MM;VARIOS;171060042;2;8;15
10139;CAPOT ESCARABAJO;VARIOS;CUART01-B3;1;169;280
10140;KIT BASE PALANCA ESCARABAJO;VARIOS;10990;3;16.62;25
10141;PINES BOCINES HORIZANTALES  ESCARABAJO ;VARIOS;43862;2;74;45
10142;TAPA ACEITE ESCARABAJO;VARIOS;12816;5;2.73;6
10143;BOTA SEMIEJE ESCARABAJO BR;VARIOS;PRD06-BS;8;3.95;12
10144;KIT PISTONES ESCARABAJO KOMBI STD;VARIOS;04-PRD;1;219.04;440
10145;TAPA GAS GOL 01-05 ;VARIOS;43466;4;9.98;12
10146;RIN SINCRONOZADO 1RA 2DA ESCARABAJO;VARIOS;42125;1;19.97;38
10147;RIN SINCRONOZADO 3RA 4TA ESCARABAJO;VARIOS;05-150;1;16.26;35
10152;ARRANQUE GOL 01-05;VARIOS;171090489;0;103.5;166
10153;FILTRO AIRE RECTANGULAR ESCARABAJO;VARIOS;AA-3373;2;3.32;7
10154;MANGUERA TURBO ENTRADA AMAROK;VARIOS;MET481;0;17.86;36
10155;BRAZO PLUMAS ESCARABAJO MEX 78 ;VARIOS;BRP472;0;6.25;14
10156;CABLE ACELERADOR KOMBI 77;VARIOS;CAA441;2;2.23;7
10157;CABLE FRENO MANO KOMBI 77;VARIOS;CAF441;2;6.7;15
10158;CABLE CAMBIO MARCHAS L/I POLO 00-05;VARIOS;CCV462;1;19.13;35
10159;CABLE CAMBIO MARCHAS L/D POLO 00-05;VARIOS;CCV463;1;19.13;38
10160;TAMBOR POST GOL 200 MM 00-05;VARIOS;HF08;2;12.62;38
10161;SWITCH LUCES GOL 00-03 S/H;VARIOS;SWT001;0;39.39;46
10162;BLOCK AMAROK MONOTURBO;VARIOS;KJKDSF;0;5847;8660
10192;BOMBA D/H GOLF VI POLO BR;VARIOS;171010271;0;120;175
10163;SEGURO CABLE ACELERADOR ESCARABAJO;VARIOS;171010110;2;2.5;3.5
10164;TROMPO RETRO GOLF 95;VARIOS;INR452;3;5.22;13
10165;MOLDURA  PARABRISAS GOL 2010;VARIOS;MBP414;1;17.86;41
10166;REFRIGERANTE GALON VERDE LUBRISTONE;VARIOS;LB-3092;2;3.5;6
10167;REFRIGERANTE GALON ROJO LUBRISTONE;VARIOS;LB-3274;3;3.5;6
10168;FILTRO DIESEL AMAROK C/SENSOR ;VARIOS;MF-53152;3;21.55;38
10169;FILTRO AIRE MOTOR VIRTUS T- CROSS;VARIOS;AA-12104;7;4;7
10170;TOMA AGUA 1 SALIDA ALUMINIO GOLF VENTO GOL;VARIOS;BTR454;0;8.04;18.5
10171;KIT RESORTE FRENO DEL 35MM ESCARABAJO 74;VARIOS;KRD471;2;1.79;4
10172;KIT RESORTE FRENO POST 30MM ESCARABAJO 74;VARIOS;KRP471 ;2;1.79;4
10173;KIT SEGUROS SINCRONIZADOR 3RA ESCABAJO;VARIOS;KSS472;2;7.11;15
10174;BUJIAS  VIRTUS T-CROSS Y6LER02-79098 ZKE-R10;VARIOS;17010848;4;30;75
10175;SENSOR TEMP AZUL GOL 00-05;VARIOS;SENSOR TE AZUL;4;8;15
10176;AMORTIGUADOR DELAN CRAPTER SPRINTER 3.5 06-07 ;VARIOS;203236;2;48;140
10177;AMORTIGUADOR DELAN AMAROK 11-17;VARIOS;206071;2;38.33;75
10178;ESPIRAL DELAN AMAROK 4X2 10-11;VARIOS;98H054;2;35;68
10179;RULIMAN EMBRAGUE CRAPTER 2.0;VARIOS;CKCH 4844;1;42;98
10180;POLEA CIGUEÑAL AMAROK TDI 11-20;VARIOS;VKM 93108;1;6798;125
10181;TAPAGRASERO ESCARABAJO L/I;VARIOS;171060087;0;6;9
10182;MANIJA EXT SANTANA 92 L/I;VARIOS;171080276;0;22;35
10183;AGARRADERA TECHO GOL;VARIOS;LIBRE1;0;0;1
10184;ALTERNADOR GOL 14V90A;VARIOS;LIBRE2;0;0;1
10185;COLECTOR POLO BR FOX ALUMINIO;VARIOS;LIBRE3;4;0;75
10186;MAQUINA LEVANTAVIDRIOS  ELE GOLF HATH 02/08 POLO 03-14 L/I;VARIOS;LIBRE;0;0;68
10187;COLECTOR FOX POLO GOL BR 1.6 S/P;VARIOS;LIBRE4;6;0;55
10188;BASE HALOGENO L/H T CROSS OR 2022;VARIOS;LIBRE5;0;0;150
10189;SOPOTE PLASTICO PARACHOQUE T CROSS 2022;VARIOS;LIBRE6;0;0;45
10190;KIT SEGUROS ARBOL LEVAS GOL 1.8 00-05;VARIOS;LIBRE7;0;0;62
10191;CABLE PALANCA CAMBIOS GOL 10-11 L/I;VARIOS;LIBRE8;1;0;35
10193;BOMBA AGUA T CROSS 1.6 4X2 20-24;VARIOS;WP172;1;25.42;50
10194;BOMBA AGUA AUXILIAR TIGUAN 2.0 07-18;VARIOS;WP104;1;18.62;75
10195;BOMBA AGUA TIGUAN AUDI 1.8 2012 COMPLETA 2.0 07-18;VARIOS;WP165-3H;1;71.83;120
10196;KIT HORQUILLA EMBRAGUE FOX POLO BR 1.6;VARIOS;747L;3;1;20
10197;AMORTIGUADOR DELAN JETTA 2.0 16-19;VARIOS;74E;0;1;55
10198;VARILLA ACEITE JETTA 2.0 CC 16-19;VARIOS;7W;0;1;25
10199;BOMBA D/H AMAROK TDI 2014 ;VARIOS;OIE;0;1;339.25
10200;RINES POLO FOX 1.6 CC STD;VARIOS;LOE;0;1;75
10345;PROPULSORES POLO BR FOX JGO;VARIOS;WT030109423B;0;27;38
10261;MANIJA LEVANTAVIDRIOS GOL 00-03 NEGRA;VARIOS;MNJ023;0;3.5;5
10297;CONO CORONA 9-37D GOL 1.8 CC 00-05;VARIOS;LIBRES;0;1;385
10201;ARBOL LEVAS CONCABO ESCARABAJO;VARIOS;171010009;0;74;98
10202;MANGUERA DEPURADOR GOLF IV JETTA 2.0 03-05 2.0CC ;VARIOS;YTRA;0;1;56
10203;SOPORTE CAJA JETTA 2.0 CC 16-18;VARIOS;YYAS;0;1;195
10204;EMPAQUE CABEZOTE POLO IND/TCROSS/VIRTUS 19;VARIOS;8611;1;14.98;29.5
10205;EMPAQUES CAJA CAMBIOS GOL 95-05;VARIOS;5950;0;8.97;25
10206;EMPAQUE CARTER AMAROK/CRAFTER;VARIOS;3708;2;12.66;25
10207;EMPAQUES MOTOR FOX POLO BR 03-05 GOLF IV ASBESTO ;VARIOS;4233;3;63.44;75
10208;EMPAQUE TAPA VALVULA AMAROK C/S;VARIOS;3071;0;20.87;38
10209;KIT PERNOS CABEZOTE AMAROK 2010;VARIOS;4123;1;24.5;49
10210;SOPORTE CAJA GOL 09-10;VARIOS;BSMO25;0;35.86;55
10211;KIT TOPE GUARDAPOLVO JETTA 2.0 16-18;VARIOS;LSU;0;1;35
10212;SOPORTE AMORT JETTA 2.0 16-18;VARIOS;UARA;0;1;48
10213;ROTULA JETTA 2.0 16-18 L/I;VARIOS;QEA;0;1;16
10214;ROTULA JETTA 2.0 16-18 L/D;VARIOS;EWRS;0;1;16
10215;GUARDAPOLVO BARRA DIRECCION JETTA 2.0 16-18;VARIOS;RAS;1;1;12
10216;DEPURADOR ;VARIOS;EAWQ;0;1;195
10217;COLUMNA DIRECCION VIRTUS 19-22 OR;VARIOS;QWAQ;0;1;2700
10218;TOMA AGUA POLO BR 1.6;VARIOS;QWAQD;2;1;8
10219;CHAQUETAS BANCADA ESCARABAJO INT 0.50 EXT 0.50;VARIOS;EQWAS;0;1;85
10220;FLAUTA INYECTORES GOL 1.8 00-05 OR US;VARIOS;QEAS;0;1;190
10221;VALVULAS ADMISION ESCARABAJO JGO;VARIOS;QEWAS;0;1;48
10222;CHAPA CAPOT T-CROSS 22-24;VARIOS;QWAX;0;1;135
10223;SEGURO REGULADOR FLAURA INYECTORES GOL 1.8 03-05;VARIOS;WQDAWS;0;1;25
10224;CABLE PALANCA CAMCIOS GOL 10-11 L/D;VARIOS;EQDWQ;1;1;35
10225;SOPORTE MOTOR FRONTAL GOL 00-02 RECTO;VARIOS;EQWADS;0;1;15
10226;CHAUETAS BANCADA GOL 0.25 S/S;VARIOS;171010621;0;22;33
10227;MESA POLO INDU 18-19 L/I;VARIOS;171101965;0;38;48
10228;MESA POLO INDU 18-19 L/D;VARIOS;171101966;0;38;48
10229;SOPORTE CAJA VIRTUS 18-19 L/I;VARIOS;LIRS;1;1;95
10230;PASTILLAS TIGUAN 12 PASSAT 08 JETTA 08;VARIOS;P7434IM;4;17.24;35
10231;PASTILLAS T CROSS 1.6 20-23;VARIOS;P2249IM;4;12.75;35
10232;PASTILLAS VOYAGE 1.6 12-15;VARIOS;P8868IM;3;12.14;32
10233;KIT ZAPATAS GOL 1.6 1.8 01-05;VARIOS;650126;0;10.46;22
10234;SEGURO CABLE EMBRAGUE GOL 10-11 1.6 L/D ;VARIOS;LIBSD;1;1;28
10236;SEGURO CABLE EMBRAGUE GOL 10-11 1.6 L/I;VARIOS;FPA474;1;15.18;28
10237;CAUCHOS PUERTAS ESCARABAJO JGO;VARIOS;KCP471;1;12.5;28
10239;CAUCHOS VIDRIOS ESCARABAJO JGO;VARIOS;KFI412;1;5.22;45
10240;TAMBOR POST 4H ESCARABAJO;VARIOS;TBF471;2;33.04;68
10241;MOLDURA RADIO GOL 00-02;VARIOS;MRD412;1;22.32;38
10242;MOLDURA RADIO GOL 95-98;VARIOS;MRD411;0;14.29;35
10243;MOLDURA RADIO C/A GOL 01-02;VARIOS;MRD413;1;35.71;48
10244;PALANCA DIRECCIONALES POLO BR.1.6;VARIOS;INL491;1;22.61;48
10245;SOPORTE MOTOR VIRTUS L/D 18-19;VARIOS;BMD471;1;74.74;78
10246;TERMINAL CABLE PALANCA EMBRAGUE GOL L/D 2010;VARIOS;TCG411;1;15.63;32
10247;TERMINAL CABLE PALANCA EMBRAGUE GOL L/I 2010;VARIOS;TCP411;1;15.63;32
10248;LIBRE;VARIOS;LOR;0;1;1
10249;KIT MICROFILTROS INYECTOR T/BOSCH GOL 00-03;VARIOS;LSA;2;1;12
10250;FARO POST GRANDE  COMPLETO ESCARABAJO PLANO;VARIOS;TYS;1;1;25
10251;MANIJA INT ESCARABAJO 78 L/D ;VARIOS;YTYYTASD;0;1;5
10252;MANIJA INT ESCARABAJO 78 L/I;VARIOS;JSYUD;2;1;5
10253;TAPA CAJA DIRECCION ESCARABAJO;VARIOS;JTTSD;1;1;19
10254;DEPOSITO AGUA POLO BR FOX 10-11 C/S 11.419;VARIOS;SKJKSDF;6;1;21
10255;COMPUTADORA JETTA 2.0 2011 US OR;VARIOS;JHJSD;1;1;750
10256;CHAQUETAS BANCADA POLO BR FOX 1.6 0.25;VARIOS;HHJ;0;1;35
10257;PISTONES POLO FOX GOL 1.6 STD;VARIOS;JHHJS;0;1;180
10258;PARACHOQUE DELNAD AMAROK 2015 AL MEX;VARIOS;GHSD;1;1;480
10259;VOLANTE ESCARABAJO BLANCO CASTILLO;VARIOS;SSDF;0;1;300
10260;BOMBA BACIO AMAROK BR 12-15 MONOTURBO ;VARIOS;SHJJD;1;1;350
10262;INYECTOR AMAROK TDI BOSSH;VARIOS;HLL-11PRPPT;0;7;457
10263;LIQUIDO FRENO AZUL LT;VARIOS;OTR-G3;2;8;13
10264;TUBO ACEITE GOLF IV JETTA;VARIOS;1108032;1;2.5;7
10265;MODULO RELAY LUCES GOL 1.6 12-13 USD;VARIOS;1777;0;1;220
10266;EMPAQUE MULTIPLE AMD GOLF VENTO 2.0;VARIOS;177;1;1;5
10267;LIBRE;VARIOS;1774;0;1;39
10268;PARACHOQUE DELAN GOL 09-12;VARIOS;741;0;1;147
10269;SENSOR FUJO AIRE AMD GOLF 95-99 1.8;VARIOS;714;0;1;20
10270;PASTILLAS PÁSSAT 2.8;VARIOS;7147;0;1;78
10271;DISCO FRENO POST PASSAT 2.8 ;VARIOS;1458;2;1;78
10272;EMPAQUE CABEZOTE AMAROK 2 H;VARIOS;21546;2;1;68
10273;EMPAQUE MULTIPLE AMD AMAROK;VARIOS;878;0;1;17
10274;MOLDURA VIRTUS L/I 2022;VARIOS;02-001-37-0980;0;7.52;17.5
10275;MOLDURA VIRTUS L/D 2022;VARIOS;02-001-37-0981;1;7.52;17.5
10276;PARACHOQUE DELAN GOLF 95-99;VARIOS;02-001-37-0216;1;24.73;63
10277;TERMOSTATO AMAROK;VARIOS;06-002-37-0696;1;19.7;39
10278;KIT MICROFILTROS GOL 95-99 MONOPUNTO;VARIOS;4339;2;4.5;9
10279;MOLDURA HALOGENO L/D T CROOS ;VARIOS;FR784;1;1;1
10280;MOLDURA HALOGENO L/D T CROSS ;VARIOS;J7W43;0;1;115
10281;FILTRO GAS POLO1.4 16V GR;VARIOS;OTRAE;2;1;6
10282;MAQUINA LEVANTAVIDRIOS ESCARABAJO GR L/I;VARIOS;UTEAR;0;1;78
10283;TOMA AGUA TERMOSTATO GOLF VENTO KIT;VARIOS;U42;1;1;15
10284;CAUCHO SOPORTE ESCAPE Y GOL 00-05;VARIOS;47W;0;1;10
10285;BANDA B/ACEITE AMAROK TDI 59D CT11204;VARIOS;PRQEA;1;1;180
10286;FILTRO AIRE CABINA AMAROK;VARIOS;AC-31060;2;3.07;7
10287;TOMA AGUA INTERMEDIA POLO JETTA 08-11 J0121087B;VARIOS;MO0671-ODT-0956;6;1.52;5
10288;RADIADOR ACEITE AMAROK;VARIOS;WT03L117021C;1;19.5;38
10289;REGULADOR ALTERNADOR JETTA POLO BR GOL 09-12;VARIOS;SE4061-OST-0459;1;10.2;20
10290;BATENTE BARRA TORCION ESCARABAJO;VARIOS;03-005-37-0029;4;2.2;7
10291;BOMBA DIESEL PILA AMAROK;VARIOS;62278;4;16.45;48
10292;SENSOR OXIGENO GOL 00-05 1.8;VARIOS;622036;0;20.4;32
10293;INYECTOR MONOPUNTO GOL 1.6 -1.8 CC;VARIOS;4587A;0;25;55
10294;TOMA AGUA GOL 00-05 1.8 ALUMINIO P/SEN;VARIOS;LIBRE55;0;1;28
10295;MESA T-CROSS/VIRTUS/POLO  L/I 17-22;VARIOS;LIE;3;1;85
10296;ROTULA VIRTUS  POLO  T-CROSS  19-22 JETTA BORA L/D;VARIOS;HYWS;2;1;22
10298;KIT ZAPATAS POLO IND 15 PUNTA CUADRADA;VARIOS;JKDIA;0;1;38
10299;BOMBA ACEITE GOLF IV JETTA 2.0 02-11 ;VARIOS;OSAS;1;1;55
10300;GUARDAPOLVO GUARDAFANGO L/D FOX 00-05;VARIOS;OPASD;0;1;48
10301;PRE CARTER ALUMINIO FOX OR;VARIOS;POQW;0;1;250
10302;MESA AMAROK SUPERIOR L/D;VARIOS;ASOIUDS;1;1;48
10303;MESA AMAROK SUPERIOR L/I;VARIOS;MEA;1;1;48
10304;SOPORTE MOTOR FOX ;VARIOS;KJAD;0;1;75
10305;SOPORTE INT CAJA FOX;VARIOS;LAPS;1;1;60
10306;MASCARILLA JETTA 2001-07;VARIOS;KOKOS;0;1;51.75
10307;PARACHOQUE DELAN GOL  SPORT 03-05;VARIOS;02-001-37-0268;0;38.56;65
10308;CHAPA PUERTA POST GOL 00-09 L/I;VARIOS;02-001-37-0948;1;28.6;55
10309;CHAPA PUERTA POST GOL 00-09 L/D;VARIOS;02-001-37-0949;0;28.6;55
10310;CUBIERTA TABLERO CENTRAL GOL 00-05 NEGRA;VARIOS;LIBREE;2;1;20
10311;BOMBA D/H GOL 00-05 ;VARIOS;LIBREES;0;1;175
10312;SOPORTE MOTOR FOX POLO 1.4 16V L/D;VARIOS;06-002-3705-0548;0;21.33;34
10313;POLEA ALTENADOR GOL 00-05;VARIOS;LIBRO;1;1;1
10314;DEPOSITO LIQUIDO HIDRAULICO GOL 00-05 ;VARIOS;LIBRE44;2;1;25
10315;ELECTROVENTILADOR GOLF IV JETTA 00-05;VARIOS;LIBRE14;1;1;98
10316;CPU FOX 1.6CC 00-06 USD;VARIOS;LIBRE45;0;1;750
10317;MOTOR ARRANQUE 10 D FOX POLO;VARIOS;SE3441-OST-0199;0;93.17;155
10318;VINCHA GUARACHOQUE T-CROOS 22-24 L/D ;VARIOS;LIGRA1;0;1;12
10319;SOPORTE MOTOR GOL 09-15 VOYAGE LI;VARIOS;LIBRE41;2;1;35
10320;REGULADOR ZAPATAS GOL 00-05;VARIOS;LIBGRE;1;1;5
10321;RADIADOR POLO FOX GOL 1.6 00-03 C/A  ACOPLE;VARIOS;LIBRE11;1;1;78
10322;SOPORTE ELECV FOX A/C 1.6 00-05 SECUND;VARIOS;LIBRE74;0;1;35
10323;SOPORTE ELECV FOX A/C 1.6 00-05 PRIMAR;VARIOS;LIBRE75;0;1;45
10324;TOMA AGUA VAVULA ;VARIOS;LIBRE 45;0;1;15
10325;PALANCA PLASTICA GOLF VENTO PEQUEÑA;VARIOS;LIBRE47;3;1;2
10326;ZAPATAS JGO POLO FOX GOL 09-10 1.6 TODOS;VARIOS;LIBRE 48;7;1;25
10327;LIBRE;VARIOS;LIBRE76;0;1;1
10328;LIBRE;VARIOS;MLIBRE;0;1;1
10329;KIT CABLES GOLF IV JETTA 2.0 00-05;VARIOS;17842;1;29.54;42
10330;MULTIPLE AMD GOL SV 09-10;VARIOS;LIBRE78;0;1;225
10331;VELOCIMETO ESCARABAJO AL 69;VARIOS;LIBRE79;0;1;215
10332;KIT ESTABILIZADOR ESCARABAJO ;VARIOS;LIBRE80;4;1;25
10333;CONDENSADOR AMAROK TDI 17-19;VARIOS;LIBRE81;0;1;130
10334;FARO DELAN L/R 17-19;VARIOS;LIBRE82;0;1;297.85
10335;CAPOT AMAROK 17-19;VARIOS;LIBRE83;0;1;448
10336;CHAPA CAPOT AMAROK 17-19 INF;VARIOS;LIBRE 84;1;1;65
2;KIT EMBRAGUE AMAROK 2.0 TDI CRAFTER 30;VARIOS;4598;0;149.5;275
10337;DIFUSOR AMAROK L-R 17-19;VARIOS;LIBRE84;0;1;95
10338;GUARDAPOLVO GUARDAFANGO T-CROOS 22-024 L/D ;VARIOS;LIBRE85;0;1;115
10339;MOLDURA GUARDAFANGO T-CROOS 22-24 L/D;VARIOS;LIBRE86;0;1;95
10340;RULIMAN TRASNMICION GOL 1.6 CONICO;VARIOS;LIBRE87;0;1;55
10341;PLUMA POST GOL 00-05 16 P;VARIOS;LIBRE88;1;1;15
10342;REJILLA PARACHOQUE CENTRAL POLO IND 16-18;VARIOS;LIBRE89;0;1;98
10343;VALVULA EGR AMAROK 2.0 TDI ORG;VARIOS;LIBRE90;0;1;567
10344;FOCO H7 100W GOLF IV POLO ;VARIOS;LIBRE91;1;1;7
10346;ELECTROV FOX 00-05 1.6 ;VARIOS;DWV12014;0;51.3;95
10347;CAUCHO BRAZO GUARDACH ESCARABAJO;VARIOS;02-001-37-0295;4;1.2;5
10348;CONDENSADOR FOX 1.6 00-05;VARIOS;01-002-37-002;0;43.47;75
10349;RADIADOR GOL 09-13 FOX 1.6 S/A 00-05 CORTO MANG;VARIOS;02-003-37-0040;2;51.53;85
10350;MICA POST ESCARABAJO MEDIANA;VARIOS;02-002-37-0039;0;5.52;15
10351;KIT BUJES BRAZO BIELA ESCARABAJO;VARIOS;06-002-37-0135;2;18;35
10352;CONTACTO PITO AMANONZ 877 ;VARIOS;LIBRE99;1;1;18
10353;MANGUETA GOLF 97-99 L/I;VARIOS;LIBRE 88;0;1;56
10354;CIMBRA MANGUETA GOLF 95-99;VARIOS;LIBRE 79;0;1;7
10355;CHAQUETAS BANCADA ESCARABAJO INT 0.75 EXT 0.75 ;VARIOS;LIBRE101;1;1;58
10356;AMORTIGUADOR CAPOT POLO BR 00-05;VARIOS;LIBRE 102;0;1;25
10357;KIT REPARARO CILINDRO FRENO GOL AMAZON;VARIOS;LIBRE 103;1;1;7
10358;TAPACUBO ESCARABAJO CROMADO;VARIOS;01-001-37-0213;0;15;25
10359;RIN SINCRONIZADO RA DA GOL;VARIOS;03-001-37-0010;1;3.19;15
10360;KIT BASE PALANCA BOLA GOLF III;VARIOS;03-006-37-0052;1;1.89;10
10361;SWITCH PARQUEO POLO CLASSIC;VARIOS;04-002-37-0320;2;8.63;22
10362;PLATILLO AMORTIGUADOR GOL 95-06;VARIOS;03-005-37-0143;0;6.54;9.5
10363;RADIADOR POLO FOX GOL 1.6 00-03 C/A MANG;VARIOS;02-003-37-0043;1;74.07;110
10364;PARACHOQUE SUP T-CROOS 22-24;VARIOS;02-001-37-0998;1;75;189
10365;TROMPO ACEITE POLO BR GOLF IV JETTA ;VARIOS;04-002-37-0287;5;3.05;8
10366;TOMA AGUA JETTA C/PIN;VARIOS;MO0671-VIK-0968;1;1.42;8
10367;EMPAQUE MULTIPLE ESCAPE POLO BR 01-05 1.6;VARIOS;MO2051-OST-0237;4;3.98;8
10368;REJILLA TABLERO CALEFACCION NEGRO GOL 01-05;VARIOS;698286;0;2.51;13
10369;TAPA DISTRIBUIDOR GOL 00-05 C/PROTECTOR ;VARIOS;SE5061-VIK-0486;0;3.11;18
10370;TAPA DEPOSITO POLO BR 03-08 LINEA;VARIOS;MO5201-VIK-1748;2;2.02;8
10371;SERVOFRENO GOLF 95-98 BOLA;VARIOS;TR5241-OST-0073;0;0.73;65
10372;KIT ZAPATAS POLO IND T-CROSS 20-24;VARIOS;2QB698525A;3;14.08;30
10373;PASTILLAS AMAZON GOL 87;VARIOS;P09IM72;1;10.61;16
10374;DISCO FRENO POST GOLF IV JETTA 96-06;VARIOS;HF 83;4;12.12;22
10375;CUBO RUEDA POST VOYAGE 1.6 10-12;VARIOS;VKBA 6767;2;54.36;85
10376;RULIMAN DELAN GOL 1.8 00-05 CROSS 1.6 FOX 06-09 SKF;VARIOS;VKBC 20063TL;3;19.56;35
10377;RULIMAN DELAN POLO IND VIRTUS ABS 1.6 19-23;VARIOS;VKBC 14014LT ;4;18.85;35
10378;ESPEJO RETROVISOR GOLF IV JETTA ELE L/I;VARIOS;02-001-37-0048;0;48.72;65
10566;RINES ESCARABAJO 0.25 1.6 CC ;VARIOS;171010317;2;38;55
10463;FARO DELAN GOL 99 L/D ;VARIOS;FRO022;0;46.5;85
10436;RULIMAN CONO DOBLE GOL 00-05;VARIOS;RLM012;0;23;58
10493;MICA POST MEDIANA FUME ESCARABAJO;VARIOS;MPB472;6;4.02;12
10385;CONTROL ELEVAVIDRIOS AMAROK L/I;VARIOS;SE26-11OST-1218;2;11.22;20
10558;BOMBA EMBRAGUE PEDAL AMAROK;VARIOS;1880.04123-VIK;1;22.25;30
10455;COLECTOR VIRTUS 2020;VARIOS;1247;0;105;155
10383;CHAQUETAS BIELA ESCARABAJO 1.3/1.5/1.6 STD;VARIOS;SB70121;2;9;16
10427;FILTRO AIRE JETTA 2.0  12-15;VARIOS;1F0 129 620;3;6.33;12
10379;KIT EMBRAGUE GOLF VENTO 2.0 2 GUIAS;VARIOS;56460;0;6.55;110
10380;VALVULAS ESCAPE ESCARABAJO JGO ALT;VARIOS;4535;2;10.89;20
10381;VALVULAS ADMISION ESCARABAJO JGO ALT;VARIOS;4534;2;8.78;20
10382;DEPOSITO AGUA AMAROK;VARIOS;4051;1;12.95;25
10384;BOBINA ENCENDIDO ELECTRONICA ROJA ESCARABAJO;VARIOS;40067;2;12;45
10386;VALVULA PCV DESFOGUE T-CROSS VIRTUS;VARIOS;MO5681-OST-2626;4;4;15
10387;ROTULA VIRTUS  POLO  T-CROSS  19-22 JETTA BORA L/I;VARIOS;03-005-37-0181;2;10.3;22
10388;BUJE MESA SUS AMAROK 2.0 12-16;VARIOS;03-005-37-0228;2;2.86;12
10389;MESA JETTA 2.5 12 -13  L/I;VARIOS;03-005-37-0214;1;13.54;28
10390;MESA JETTA 2.5 12-13 L/D;VARIOS;03-005-37-0215;1;13.54;28
10546;SOPORTE AMORT FOX POLO 00-05;VARIOS;1331;1;38.21;48
10391;KIT CAUCHO ESTABILIZADOR GOLF VENTO;VARIOS;WT191411329;4;1.3;5
10392;MOLDURA  PARABRISAS GOL 99-99;VARIOS;CR5971-AUT-1618;1;10.38;25
10393;PEDAL ACELERADOR AMAROK POLO FOX;VARIOS;SE3671-HEL-2243;1;6529;98
10394;SENSOR PRECION DIE AMAROK TDI ;VARIOS;SE4691-OEM-0437;0;45.7;65
10395;TEMPLADOR COMPLETO GOL 00-05 S/A;VARIOS;ST3891-OST-1517;0;34.68;55
10396;BOMBA GAS PILA  GOL 3 BAR  00-05 BOSCH ;VARIOS;PL-1;4;12.65;38
10397;SEGURO ROTULA GOLF IV JETTA;VARIOS;SEGURO;8;1.5;5
10398;SERVOFRENO GOL 02-05 PASADOR;VARIOS;03-004-37-0138;0;41.1;68
10399;MANGUERA CALEFACCION AMAZON 87;VARIOS;MBA401;4;3.6;8
10400;MANIJA VENTOLERA L/D;VARIOS;TVD471;1;7.18;12
10401;MANIJA VENTOLERA L/I;VARIOS;TVI471;1;7.18;12
10402;AMORTIGUADOR POST ESCARABAJO;VARIOS;AMP471;0;20.53;28
10403;BOBINA ENCENDIDO PLATINOS ESCARABAJO;VARIOS;GIL-800R;0;16.5;25
10404;SEGURO SENSOR TEM POLO FOX GOL ;VARIOS;9220081067;11;12;2.5
10405;FOCO H4 60/55W B/REDONDA;VARIOS;H4 P45ST;7;2.8;5
10406;BASE FILTRO RADIADOR ACEITE AMAROK CRAPTER;VARIOS;MO0301-VIK-0410;1;50.92;85
10407;MANGUERA DEPURADOR GOL 00-05;VARIOS;VW033036;1;14;28
10408;ELECTROVENTILADOR JETTA 2.5 TIGUAN;VARIOS;DWV12017;1;90;135
10409;PARACHOQUE DELAN ESCARABAJO;VARIOS;02-001-37-0265;1;65.96;95
10410;TAPA DEPOSITO L/HIDRAULICO GOL 00-05;VARIOS;06-002-37-0479;4;3.59;5
10549;CAJA DIRECCION GOL VIRTUS 17-23;VARIOS;1760.09153-MGT;1;74;115
10411;SOPORTE MOTOR L/D GOL 09-14 ;VARIOS;3043;2;39.5;60
10412;EMPAQUE ESCAPE  POLO-BR/FOX/GOLF-IV/VIRTUS 19-24;VARIOS;8612;2;1.77;5
10413;EMPAQUES MOTOR POLO-BR/FOX/GOLF-IV/VIRTUS 19-24;VARIOS;8614;2;69.47;120
10414;EMPAQUE TAPA VALVULAS POLO/TCROSS/VIRTUS 19-24;VARIOS;8600;2;9.37;15
10415;SENSOR CKP CK FABIA POLO BR 1.6 03-09 3PIN;VARIOS;LIBRE12;1;1;28
10416;ARBOL LEVAS AMD POLO BR SK FABIA 16 V ;VARIOS;LIBRE13;1;1;120
10417;BASE BUJES PLANCA GOL95-05 USD;VARIOS;LIBRE15;0;1;75
10418;KIT CAUCHOS AMORTIGUADOR POST GOL 005;VARIOS;LIBRE16;0;1;10
10419;RADIADOR GOL 09-13 FOX 1.6 S/A 00-05 CORTO ACOPLE;VARIOS;LIBRE17;1;1;55
10420;TOMA AGUA INFERIOR DESFOGUE POLO FOX;VARIOS;LIBRE18;2;1;12
10421;KIT SEGUROS PARACHOQUE DEL POLO BR 00-05;VARIOS;LIBRE19;1;1;15
10422;HORQUILLA 5TA GOL 00-05;VARIOS;LIBRE20;1;1;70
10423;PROTECTOR BANDA INFERIOR GOL 00-03;VARIOS;LIBRE21;1;1;21
10424;RIN SINCRONIZADO INTERMEDIO GOL 00-05 013.311.279.1;VARIOS;LIBRE22;0;1;29
10425;DEPOSITO AGUA TIGUAN 08-10;VARIOS;LIBRE23;0;1;25
10426;KIT CABLES GOLF 1.8 95-99 ALTAMAX;VARIOS;LIBRE24;1;1;35
10428;FILTRO AIRE CABINA JETTA 2.5 BORA TIGUAN;VARIOS;1K 819 644;6;5.64;9
10429;FILTRO AIRE CABINA SK FABIA (POLO);VARIOS;6Q0-819-653;6;3.87;8
10430;FILTRO AIRE TIGUAN 2.0 TDI 2019;VARIOS;FA6027-RED;6;5.53;13
10431;FILTRO ACEITE ELEMENTO TIGUAN 19 JETTA PASSAT 17;VARIOS;FO1010-RED;6;3.54;6
10432;KIT CABLES GOL 1.8 01-05 STV-18 NGK;VARIOS;STV18;0;46.17;45
10433;KIT CABLES POLO BR 1.6 GOLF IV GOL 09-12 STV-25 NGK;VARIOS;STV25;1;59.11;75
10434;COLECTOR POLO 16-19 SK FABIA;VARIOS;VW033016;6;34;58
10435;KIT DISTRIBUCION POLO VIRTUS 19-24 T-CROSS 20-25 163 D;VARIOS;VKMA 0180;3;62.23;95
10437;RULIMAN POST CAJA GOL 00-05;VARIOS;RLM016;0;38;38
10438;RULIMAN PALILLOS CAJA GOL 00-05;VARIOS;CTA 005;0;12;25
10439;RULIMAN PALILLOS  PISTA CAJA GOL 00-05;VARIOS;CTA011;0;12;28
10440;RULIMAN CONO GOL 00-05 ;VARIOS;RLC009;0;12;32
10441;RETEN CIGUEÑAL CRAFTER ;VARIOS;LIBRE 1;0;1;65
10442;PARACHOQUE POST GOL 00-02;VARIOS;LIBRE891;0;1;85
10443;ACEITE GALON SAE  80/90 MANN FILTER ;VARIOS;LIBRE92;0;1;25
10444;BANDA POLY V 6PK 989ECROSS 22-25;VARIOS;LIBRE93;0;1;25
10445;POLEA ACCESORIOS GOL 1.6 09-12;VARIOS;LIBRE 94;0;1;28
10446;KIT ESTABILIZADO L/I GOL 1.6 09-10 ;VARIOS;LIBRE 95;1;1;8
10447;GARANTIA;VARIOS;LIBRE96;0;1;75
10448;RULIMAN EJE POST ESCARABAJO;VARIOS;RRP471;4;4;10
10449;KIT RESORTES ZAPATAS GOL 00-05 L/I;VARIOS;171101293;2;11;18
10450;KIT RESORTES ZAPATAS GOL 00-05 L/D;VARIOS;171101294;2;11;18
10451;RESISTENCIA GOL 00-05 1.8 1.6;VARIOS;1;0;9;25
10452;AXIAL POLO IND 33X16 ;VARIOS;7;0;1;25
10453;SEGURO ROTULA GOL 00-05;VARIOS;58;0;1;7
10454;BANDA POLY V 6PK 1613 CRAFTER 30;VARIOS;MXI431;0;19.5;25
10456;BANDA B/AGUA VIRTUS 20-22 941081 -24362128 81 D;VARIOS;25 AS;0;22;28
10457;FILTRO ACEITE ELEMENTO OCTAVIA TIGUAN ;VARIOS;LOO;1;1;8
10458;KIT DISTRIBUCION AMAROK TDI 160 D ORG;VARIOS;157;0;1;550
10459;BASE FILTRO RADIADOR ACEITE AMAROK ALUMINIO;VARIOS;45876;0;1;258
10460;KIT BANDA ACCESORIOR  AMAROK TDI ORG;VARIOS;PIUE;0;1;550
10461;MANGUERA CALEFACION JETTA 00-05 CORTA;VARIOS;788;0;1;28
10462;TERMOSTATO AMAROK ORG;VARIOS;4887;0;1;185
10464;CABLE MANIJA PUERTA GOL L/I POST;VARIOS;CBP005;0;4;8
10465;CABLE MANIJA PUERTA GOL L/D POST;VARIOS;CBP006;0;3;8
10466;MANIJA EXT POST L/I SANTANA 87 ;VARIOS;5607;0;30.98;20
10467;MESA T-CROSS/VIRTUS/POLO L/D 17-22;VARIOS;4375;3;52.67;85
10468;SOCKET TERMOSWITCH GOL 00-05;VARIOS;LIBRE245;0;1;18
10469;ELECTROVENTILADOR C/BASE GOL HATCHBACK 1.6 20-12 C/A;VARIOS;LIBRE248;0;1;110
10470;EMPAQUE ENFRIADOR ACEITE JETTA 2.5;VARIOS;LIBRE249;0;1;25
10471;BOMBA ACEITE AMAROK TDI;VARIOS;LIBRE250;1;1;48
10472;EMPAQUE CABEZOTE AMAROK 3 H;VARIOS;LIBRE251;0;1;68
10473;KIT TOPE AMORT DEL GOLF VENTO;VARIOS;LIBRE252;0;1;15
10474;LIBRE;VARIOS;LIBRE253;0;1;1
10475;FARO POST SANTANA 87 L/D ;VARIOS;LIBRE254;1;1;48
10476;RULIMAN EMBRAGUE AMAROK ;VARIOS;LIBRE255;2;1;79
10477;T 4 SALIDAS ;VARIOS;LIBRE256;0;1;15
10478;BARRA ACOPLAMIENTO JETTA 2.0 -2.515-18;VARIOS;LIBRE97;0;1;28
10479;BANDA VIRTUS 6PK 989;VARIOS;LIBRE98;0;1;18
10480;UNIDAD CONTROL ELECTRO POLO BR 22-25;VARIOS;LIBRE1115;0;1;50
10481;PALANCA DIRECCIONAL GOLF IV JETTA 00-05;VARIOS;LIBRE116;0;1;38
10482;SOPORTE AMORTIGUADOR POST JETTA 00-05  ;VARIOS;LIBRE117;0;1;25
10483;CABEZOTE FOX POLO BR 00-05 1.6;VARIOS;LIBRE118;0;1;513
10484;MOLDURA GUARDAFANGO DEL AMAROK 2015 L/I;VARIOS;LIBRE 80;0;1;260
10485;MOLDURA GUARDAFANGO DEL AMAROK 2015 L/D;VARIOS;LIBRE300;0;1;260
10486;AMORTIGUADOR DELAN  JETTA 2.5 14-15;VARIOS;LIBRE 301;0;1;75
10487;MOTOR COMPLETO CARBURADO 4Y ;VARIOS;LIBRE302;0;1;2100
10488;BOMBA D/H TRASPORTER T5 ALT;VARIOS;LIBRE303;0;1;750
10489;PUNTA EJE GOL 1.6 G5 09-13;VARIOS;LIBRE304;4;1;28
10490;SENSOR B/FRENO JETTA 2.0 15-16 ;VARIOS;LIBRE305;0;1;287.5
10491;SENSOR ARBOL LEVAS CMP AUDI A4 1.8 T;VARIOS;LIBRE306;0;1;55
10492;LIBRE;VARIOS;LIBRE307;0;1;1
10520;JALADERA MANIJA L/I GOLF IV JETTA 01-05;VARIOS;478;0;22;30
10494;AMORTIGUADOR DELAN POLO IND 1.6 16-19;VARIOS;209283;2;33.47;55
10495;ROTULA AMAROK SUP ;VARIOS;2H0407022B-PART;6;7.31;15
10496;MESA AMAROK INF L/I;VARIOS;2H0407151A;1;65.48;110
10497;MESA AMAROK INF L/D;VARIOS;2H0407152A;1;65.48;110
10498;ROTULA AMAROK INF;VARIOS;2H0407152A-PART;6;13.01;18
10499;TAPA VALVULAS AMAROK 2.0 TDI;VARIOS;1240.06107-MGT;0;37.95;98
10500;BOMBA GAS COMPL TIGUAN;VARIOS;1330.01267-MGT;1;60;95
10501;ELECTROVENTILADOR AMAROK TDI 10-17;VARIOS;1460.05238-MGT;1;122.85;190
10502;PUNTA EJE POST GOL 1.6 G5 09-13;VARIOS;1750.14106-MGT;2;7.5;18
10503;JUNTA HOMOCINETICA AMAROK ;VARIOS;1860.08130-MGT;2;19;32
10504;SOPORTE MOTOR L/D T-CROSS 20-24;VARIOS;1270.03233-MGT;1;26;40
10505;BARRA ACOPLAMIENTO L/D CRAPTER 30-50 2.0;VARIOS;1790.01190-MGT;1;4;12
10506;BARRA ACOPLAMIENTO L/I CRAPTER 30-50;VARIOS;1790.01191-MGT;1;4;12
10507;MANGUERA CALEFACCION AMAROK ;VARIOS;1950.03128-MGT;1;6;15
10508;PASTILLAS POST JETTA PASSAT TIGUAN T/1;VARIOS;1180.04169-MGT;3;9.5;15
10509;CUBO RUEDA GOL 1.6 14-16;VARIOS;LIBRE1010;0;1;65
10510;RULIMAN DELAN GOL 1.6 ABS 14-15;VARIOS;LIBRE1011;2;1;48
10511;BOMBA FRENO JETTA 2.0 16-17;VARIOS;LIBRE1012;0;1;210
10512;SENSOR MAP JETTA 2.0 16-17;VARIOS;LIBRE1013;0;1;220
10513;SENSOR AVAP JETTA 2.0 16-17;VARIOS;LIBRE1014;0;1;198
10514;TOMA AGUA TERMOSTATO GOL POLO VIRTUS;VARIOS;1410.01111-CIL;1;7.5;15
10515;GUARDAPOLVO JUNTA CRAPTER S/B;VARIOS;1860.10102-SER;2;3.5;10
10516;BOMBA AGUA TRANSPORTER;VARIOS;1420.01237-ASA;2;14.65;35
10517;COLECTOR GOL 86-90;VARIOS;1430.03105-VIK;1;1.5;5
10518;COLECTOR SK OCTAVIA JETTA PASSAT;VARIOS;1910.01101-VIK;2;3;6
10519;SENSOR MAF GOLF III VENTO 2.0 PASSAT 3P;VARIOS;2270.01105-VIK;1;32;45
10521;LIBRE;VARIOS;748;1;1;1
10522;LIBRE;VARIOS;749;1;1;1
10523;LIBRE;VARIOS;750;1;1;1
10524;LIBRE;VARIOS;751;1;1;1
10525;LIBRE;VARIOS;752;1;1;1
10526;LIBRE;VARIOS;753;1;1;1
10527;LIBRE;VARIOS;754;1;1;1
10528;LIBRE;VARIOS;755;1;1;1
10529;TERMINAL TRANSPOTER T5 L/I11/12 ;VARIOS;756;0;1;45
10530;LIBRE;VARIOS;757;1;1;1
10531;LIBRE;VARIOS;758;1;1;1
10532;LIBRE;VARIOS;759;1;1;1
10533;LIBRE;VARIOS;760;1;1;1
10534;LIBRE;VARIOS;761;1;1;1
10535;LIBRE;VARIOS;762;1;1;1
10536;LIBRE;VARIOS;763;1;1;1
10537;LIBRE;VARIOS;764;1;1;1
10538;LIBRE;VARIOS;765;1;1;1
10539;LIBRE;VARIOS;767;1;1;1
10540;LIBRE;VARIOS;768;1;1;1
10541;LIBRE;VARIOS;769;1;1;1
10542;LIBRE;VARIOS;770;1;1;1
10543;CAÑERIA FRENO 58 CM ESCARABAJO;VARIOS;171101537;2;6;10
10544;CAÑERIA FRENO 24 CM ESCARABAJO;VARIOS;171101536;2;3.5;7
10545;LIBRE;VARIOS;LIBRE444;1;1;1
10547;PASTILLAS POST SAVEIRO 07-08;VARIOS;2159;2;8.98;15
10548;SENSOR VELOCIOMETRO GOL 00-5;VARIOS;3191;0;7.97;13
10550;AMORTIGUADOR POST T-CROSS 1.6 21-24;VARIOS;1710.03426-MGT;2;13.5;25
10551;PASTILLAS POST JETTA PASSAT TIGUAN T/2;VARIOS;1180.04140-MGP;3;9.5;15
10552;FILTRO GAS C/VALVULA BORRA JETTA 2.5 6.6 BAR;VARIOS;1110.05142-MGT;4;6.5;12
10553;ARBOL LEVAS POLO BR SK FABIA 8 V ;VARIOS;1230.04116-GMT;1;26.5;45
10554;BUJE MESA AMAROK INFERIOR 2H0.412.333A;VARIOS;1740.04101-GMT;4;1.75;7
10555;SOPORTE AMORT CRAFTER;VARIOS;1720.01188-GMT;4;12.5;18
10556;SOPORTE MOTOR GOL 09-15 VOYAGE LI COMPLETO;VARIOS;1270.05232-GMT;2;21.5;30
10557;SOPORTE MOTOR L/D GOLF IV JETTA 2.0 BK;VARIOS;1270.03296-GMT;2;20;28
10559;SENSOR OXIGENO AMAROK TDI;VARIOS;1530.01119-VIK;2;49.35;70
10560;SENSOR MAP GOLF JETTA 2.0 ;VARIOS;2210.0118-VIK;3;8.16;15
10561;SOPORTE AMORT AMAROK TDI;VARIOS;1720.01105-GSP;4;9.25;15
10562;SENSOR OXIGENO POLO IND;VARIOS;1530.00120-BOR;2;50.5;75
10563;BOMBA GAS COMP POLO IND;VARIOS;1330.01115-CLI;1;65.5;95
10564;FILTRO ACEITE ELEMENTO TOUAREG PASSAT V6;VARIOS;FO1001-RED;3;2.61;5
10565;FILTRO ACEITE ELEMENTO TIGUAN AMAROK TSI;VARIOS;FO4005-RED;3;4.3;7
